Country Code,Indicator Name,Indicator Code,1960,1961,1962,1963,1964,1965,1966,1967,1968,1969,1970,1971,1972,1973,1974,1975,1976,1977,1978,1979,1980,1981,1982,1983,1984,1985,1986,1987,1988,1989,1990,1991,1992,1993,1994,1995,1996,1997,1998,1999,2000,2001,2002,2003,2004,2005,2006,2007,2008,2009,2010,2011,2012,2013,2014,2015
ABW,"GNI per capita, Atlas method (current US$)",NY.GNP.PCAP.CD,,,,,,,,,,,,,,,,,,,,,,,,,,,,,,,,,,,,,,,,,,,,,,,,,,,,,,,,
AND,"GNI per capita, Atlas method (current US$)",NY.GNP.PCAP.CD,,,,,,,,,,,,,3970,4990,6300,7300,7570,7880,8570,10360,12550,12410,10780,8890,8050,7640,8700,11020,14080,15360,16880,18260,20140,18730,17880,17840,18990,20190,19410,19250,19930,21000,22590,27150,33610,40040,42740,44250,43760,44180,41670,40580,41010,43270,,
AFG,"GNI per capita, Atlas method (current US$)",NY.GNP.PCAP.CD,,,,,,,,,,,,,,,,,,,,,,,,,,,,,,,,,,,,,,,,,,,,,220,250,280,340,370,470,520,570,720,730,680,
AGO,"GNI per capita, Atlas method (current US$)",NY.GNP.PCAP.CD,,,,,,,,,,,,,,,,,,,,,,,,,,,,750,750,520,550,840,430,290,160,270,320,440,430,360,390,430,640,,,,,,,,,,,,,
ALB,"GNI per capita, Atlas method (current US$)",NY.GNP.PCAP.CD,,,,,,,,,,,,,,,,,,,,,,,,,,,720,760,760,790,680,420,300,320,400,660,920,830,900,1010,1170,1330,1410,1690,2150,2670,3090,3480,4050,4280,4360,4390,4360,4480,4450,
ARB,"GNI per capita, Atlas method (current US$)",NY.GNP.PCAP.CD,,,,,,,,,,,282.4394030087,313.3425133859,375.6693752888,443.8327970899,649.91134671,881.4090433584,1166.3259866391,1245.0910166656,1366.9715815879,1690.0205178527,2056.6415659547,2275.4440753192,2165.6098162897,1921.0924596284,1816.4570263942,1752.4764237952,1810.3969982705,1867.9478723016,1887.8493638534,1829.7494512114,2072.7242913815,2109.5844160123,2191.6024754957,2101.11623389,2079.1734105317,2115.00296135,2218.5075138579,2292.7923472548,2281.002184346,2265.7404127934,2367.0512751011,2450.4868993327,2445.4291853557,2618.7719763854,3004.2906826563,3465.9240341327,4068.1923576957,4675.5657178525,5481.0477073531,5566.3470490317,5795.9248298797,6033.6167754669,6966.5232143069,7429.4476944733,,
ARE,"GNI per capita, Atlas method (current US$)",NY.GNP.PCAP.CD,,,,,,,,,,,,,,,,,,,,,,,,,,,,,,,,,,,,,,,,,,32820,31710,33560,37000,38390,40360,40630,41010,36040,34140,35250,40130,43440,44600,
ARG,"GNI per capita, Atlas method (current US$)",NY.GNP.PCAP.CD,,,,,1110,1230,1340,1230,1210,1300,1320,1470,1460,1810,2460,2700,2340,2200,2170,2600,2940,2810,2570,2800,2820,2650,3010,3600,3900,2910,3170,3950,6280,7070,7540,7330,7700,8110,7990,7540,7440,6960,3930,3550,3680,4940,6150,7310,8570,9160,10490,11840,13060,14110,13480,
ARM,"GNI per capita, Atlas method (current US$)",NY.GNP.PCAP.CD,,,,,,,,,,,,,,,,,,,,,,,,,,,,,,,,,310,330,400,450,520,560,590,610,660,710,800,950,1160,1520,1990,2710,3520,3250,3370,3420,3760,3930,4020,
ASM,"GNI per capita, Atlas method (current US$)",NY.GNP.PCAP.CD,,,,,,,,,,,,,,,,,,,,,,,,,,,,,,,,,,,,,,,,,,,,,,,,,,,,,,,,
ATG,"GNI per capita, Atlas method (current US$)",NY.GNP.PCAP.CD,,,,,,,,,,,,,,,,,,,,1290,1620,1810,1850,2050,2440,2840,3130,3960,5050,5430,5740,6160,6370,6810,7180,6920,7130,7620,7730,8000,8620,8890,9290,10140,10990,11920,13400,14750,14990,13420,12620,12370,12850,13030,13300,
AUS,"GNI per capita, Atlas method (current US$)",NY.GNP.PCAP.CD,,,1840,1940,2070,2230,2320,2520,2710,2970,3250,3450,3840,4580,5890,7120,7740,8000,8430,9540,10730,11700,12100,11510,11920,11860,12190,12430,13980,15470,17220,18210,18620,18850,18750,19290,20500,21950,21770,21430,21110,20110,19960,21110,25490,30310,34140,37310,42360,44010,46530,50130,59810,65480,64540,
AUT,"GNI per capita, Atlas method (current US$)",NY.GNP.PCAP.CD,,,1060,1140,1240,1340,1470,1560,1680,1850,2050,2300,2750,3560,4640,5520,5960,6630,7510,9580,11420,11130,10350,9570,9240,9330,10780,13760,18010,19230,20560,21730,24430,24780,26040,28090,30050,29550,27920,27210,26690,25270,24950,27940,33620,38500,41260,44200,48790,48710,49350,50310,49830,50600,49670,
AZE,"GNI per capita, Atlas method (current US$)",NY.GNP.PCAP.CD,,,,,,,,,,,,,,,,,,,,,,,,,,,,,,,,,,590,440,400,400,450,510,570,610,660,720,820,950,1270,1890,2710,3870,4800,5370,5530,6290,7350,7590,
BDI,"GNI per capita, Atlas method (current US$)",NY.GNP.PCAP.CD,,,70,80,80,70,60,60,50,50,70,70,70,80,100,110,120,140,150,180,220,250,240,230,220,240,240,250,250,220,210,210,200,170,160,150,140,140,140,130,130,120,120,110,120,130,140,160,170,180,200,220,240,250,270,
BEL,"GNI per capita, Atlas method (current US$)",NY.GNP.PCAP.CD,,,1450,1530,1670,1800,1950,2100,2270,2510,2800,3090,3660,4710,6020,6940,7620,8260,9610,11790,14050,13260,11240,9470,8910,8870,10210,13160,17090,18120,19400,20680,23280,23520,25210,27200,28760,28650,26720,26180,26040,24530,24130,27120,32970,37850,40030,42760,46700,46250,47700,47010,47090,47240,47260,
BEN,"GNI per capita, Atlas method (current US$)",NY.GNP.PCAP.CD,,,90,100,110,110,110,120,120,120,120,120,130,160,190,200,210,230,250,310,390,410,360,290,270,260,270,310,360,340,360,380,360,380,330,350,340,370,370,370,390,380,380,430,520,590,610,660,730,770,760,770,790,860,890,
BFA,"GNI per capita, Atlas method (current US$)",NY.GNP.PCAP.CD,,,80,80,80,80,80,90,90,90,90,90,90,110,140,160,170,170,200,250,300,300,280,240,210,210,240,270,330,330,330,360,320,280,230,230,250,250,250,260,250,240,240,280,340,410,430,460,520,550,610,610,640,690,700,
BGD,"GNI per capita, Atlas method (current US$)",NY.GNP.PCAP.CD,,,,,,,,,,,,,,120,160,210,200,170,160,190,220,260,240,220,210,220,240,270,280,290,310,310,320,320,320,330,360,390,400,410,420,430,420,450,490,540,560,590,650,710,780,870,950,1010,1080,
BGR,"GNI per capita, Atlas method (current US$)",NY.GNP.PCAP.CD,,,,,,,,,,,,,,,,,,,,,,,2390,2130,2040,1970,2200,2750,3140,2850,2260,1620,1430,1250,1240,1360,1300,1330,1390,1490,1660,1760,1960,2350,3020,3760,4230,4860,6100,6640,6850,7080,7270,7500,7620,
BHR,"GNI per capita, Atlas method (current US$)",NY.GNP.PCAP.CD,,,,,,,,,,,,,,,,,,,,,,,8310,8730,9210,8090,7450,7830,7570,7310,7220,9800,9890,10040,9690,10380,10770,10260,10000,9800,10900,11540,12260,13240,14970,16970,18220,19840,20840,18650,18660,17860,19470,21060,,
BHS,"GNI per capita, Atlas method (current US$)",NY.GNP.PCAP.CD,,,1550,1650,1760,1900,2040,2230,2450,2760,2920,3110,3190,3740,3840,4640,4930,5740,6340,7390,7290,7500,7440,6860,7250,8210,9600,11180,13090,14660,14040,13470,13630,13350,13680,14260,15940,13660,15790,19020,20330,20870,21230,21640,22780,23510,23610,23860,23800,22280,21660,21290,21430,21190,20980,
BIH,"GNI per capita, Atlas method (current US$)",NY.GNP.PCAP.CD,,,,,,,,,,,,,,,,,,,,,,,,,,,,,,,,,,,,,750,1000,1310,1380,1470,1590,1740,2020,2520,2970,3310,3770,4530,4760,4700,4700,4610,4790,4760,
BLR,"GNI per capita, Atlas method (current US$)",NY.GNP.PCAP.CD,,,,,,,,,,,,,,,,,,,,,,,,,,,,,,,,,1670,1590,1460,1370,1450,1530,1550,1400,1380,1300,1380,1630,2180,2820,3520,4310,5470,5590,5990,6130,6400,6790,7340,
BLZ,"GNI per capita, Atlas method (current US$)",NY.GNP.PCAP.CD,,,330,340,350,370,390,420,420,420,420,450,520,600,730,840,800,850,930,1120,1430,1420,1270,1130,1130,1180,1340,1580,1820,2020,2230,2380,2660,2780,2790,2860,2890,2890,2790,2870,3150,3140,3230,3450,3590,3680,3780,3740,3940,4130,3970,4140,4260,4350,,
BMU,"GNI per capita, Atlas method (current US$)",NY.GNP.PCAP.CD,,,2170,2160,2360,2460,2830,3210,3240,3340,3570,4010,4550,5430,6490,7570,8290,8960,9680,10700,12790,14120,13710,14820,16510,17870,21170,24040,26620,26500,27060,27400,29000,30890,31730,34290,,,,,,,,,,,,117640,120490,111580,110440,107530,106080,106140,,
BOL,"GNI per capita, Atlas method (current US$)",NY.GNP.PCAP.CD,,,,,,,,,,,240,250,290,310,390,490,580,620,700,810,870,1030,860,870,850,820,740,720,710,720,720,740,770,800,820,850,910,960,1000,980,990,960,930,920,970,1030,1120,1240,1490,1640,1810,2010,2280,2620,2870,
BRA,"GNI per capita, Atlas method (current US$)",NY.GNP.PCAP.CD,,,230,250,270,280,270,310,370,410,440,500,590,750,970,1170,1350,1470,1660,1950,2180,2070,1990,1710,1610,1560,1780,2030,2240,2740,2710,3250,3140,3070,3010,3680,4460,5030,4820,4100,3850,3290,3040,2920,3280,3900,4710,5980,7330,7990,9640,11010,12160,12310,11530,
BRB,"GNI per capita, Atlas method (current US$)",NY.GNP.PCAP.CD,,,,,,,,,,,,,,,,,,,,,,,3680,3740,4140,4450,4950,5630,6260,6640,7660,7530,7460,7650,8030,8440,8860,9280,9670,10080,11070,10910,10950,11610,12630,13620,14640,15660,15980,15810,15860,15740,15310,,,
BRN,"GNI per capita, Atlas method (current US$)",NY.GNP.PCAP.CD,,,,,,,,,,,,,,,,,,,,,,,,,,,,,,12170,12550,13680,15270,15130,15190,15790,16330,16330,14530,14140,14800,16210,17310,18000,20200,23290,27730,30970,34030,32190,,,37320,,,
BTN,"GNI per capita, Atlas method (current US$)",NY.GNP.PCAP.CD,,,,,,,,,,,,,,,,,,,,,,,280,270,300,300,350,490,540,560,580,500,480,450,490,510,560,610,580,620,780,820,860,950,1070,1220,1340,1630,1750,1830,1990,2170,2320,2340,2370,
BWA,"GNI per capita, Atlas method (current US$)",NY.GNP.PCAP.CD,,,70,80,80,90,90,100,110,130,150,180,230,310,400,470,490,530,620,800,1000,1210,1160,1050,980,970,1050,1230,1830,2160,2540,2870,3050,3100,2750,3040,2970,3110,3010,2970,3000,3100,2790,3230,3770,4760,5270,5570,5590,5180,5480,6510,7190,7370,7240,
CAF,"GNI per capita, Atlas method (current US$)",NY.GNP.PCAP.CD,,,80,80,80,90,90,100,100,110,110,110,120,140,160,180,200,240,270,300,340,340,330,260,270,280,330,400,470,470,460,460,450,430,360,340,290,290,270,270,250,250,250,260,300,340,350,380,420,450,470,480,480,310,320,
CAN,"GNI per capita, Atlas method (current US$)",NY.GNP.PCAP.CD,,,2340,2360,2470,2670,2920,3080,3370,3680,3950,4370,5040,6050,7180,7980,8680,9030,9690,10530,11510,12280,11820,12090,13000,13760,14380,16110,18430,19660,20430,20730,21140,20990,20660,20670,20640,21130,20760,21250,22530,22870,23330,25210,29220,33950,37610,41230,44650,43060,44450,47090,51020,52570,51630,
CEB,"GNI per capita, Atlas method (current US$)",NY.GNP.PCAP.CD,,,,,,,,,,,,,,,,,,,,,,,,,,,,,,,,,,2437.0123914428,2734.104616513,3146.9818531799,3586.1611367758,3805.6559686865,3865.3393259306,3917.6486785953,4099.2909394709,4183.4004203458,4433.0739799949,5208.9152260243,6373.873913382,7719.6128462425,8844.8116531486,10320.9850238787,12303.4622541892,12588.6082901271,12701.5794817735,12890.6947924979,13050.0449151524,13379.3161870593,13434.2663629954,
CHE,"GNI per capita, Atlas method (current US$)",NY.GNP.PCAP.CD,,,,,,,,,,,,,,,,,,,,,,,19100,17730,17960,18060,20340,25630,33620,35220,36900,37510,40880,40780,41860,45400,48350,48040,44960,43130,43490,40950,39730,45630,53810,61550,63900,62680,63020,70230,77360,79290,84590,88120,,
CHI,"GNI per capita, Atlas method (current US$)",NY.GNP.PCAP.CD,,,,,,,,,,,,,,,,,,,,,,,,,,,,,,,,,,,,,,,,,42430,41270,40370,42780,49540,55320,59810,65430,,,,,,,,
CHL,"GNI per capita, Atlas method (current US$)",NY.GNP.PCAP.CD,,,600,640,660,650,740,760,780,810,860,1030,1110,1320,1620,1120,980,1070,1310,1740,2230,2640,2180,1780,1600,1410,1410,1560,1830,2100,2260,2510,3050,3380,3670,4400,5020,5480,5350,5000,5020,4850,4630,4650,5310,6340,7360,8740,10140,10030,10800,12350,14350,15270,14910,
CHN,"GNI per capita, Atlas method (current US$)",NY.GNP.PCAP.CD,,,70,80,90,100,110,100,90,110,120,120,130,160,180,200,180,190,190,210,220,220,220,220,250,290,310,320,330,320,330,350,390,420,470,540,650,750,800,850,930,1010,1100,1270,1500,1750,2050,2490,3070,3650,4300,5000,5870,6710,7400,
CIV,"GNI per capita, Atlas method (current US$)",NY.GNP.PCAP.CD,,,170,190,220,210,230,230,260,280,290,300,310,370,460,580,660,760,930,1100,1130,1100,930,700,640,620,720,800,890,810,760,740,760,740,670,690,710,760,750,730,640,590,570,620,780,940,950,980,1090,1180,1210,1150,1260,1360,1450,
CMR,"GNI per capita, Atlas method (current US$)",NY.GNP.PCAP.CD,,,,,,,,110,130,150,160,170,180,200,270,340,330,330,500,600,610,810,820,760,760,780,900,1010,1100,1040,920,870,870,870,790,730,650,640,630,630,600,580,570,660,800,900,960,990,1090,1160,1170,1210,1230,1290,1350,
COG,"GNI per capita, Atlas method (current US$)",NY.GNP.PCAP.CD,,,150,150,160,170,170,190,200,210,220,230,270,340,420,500,480,440,480,600,820,1080,1210,1060,1050,980,970,1040,920,930,920,950,1050,790,680,430,470,590,580,490,570,640,680,710,790,980,1230,1410,1870,1980,2230,2230,2510,2620,2720,
COL,"GNI per capita, Atlas method (current US$)",NY.GNP.PCAP.CD,,,270,280,300,300,310,290,300,310,320,340,380,450,530,580,610,670,830,1030,1220,1310,1280,1240,1240,1170,1190,1210,1260,1220,1220,1190,1280,1390,1740,2140,2470,2590,2510,2280,2320,2300,2330,2340,2580,2920,3430,4070,4660,5090,5540,6180,7140,7770,7970,
COM,"GNI per capita, Atlas method (current US$)",NY.GNP.PCAP.CD,,,,,,,,,,,,,,,,,,,,,,,380,340,320,320,360,450,550,540,560,550,640,630,500,490,450,460,420,410,420,400,390,450,540,620,650,670,720,760,760,770,770,790,790,
CPV,"GNI per capita, Atlas method (current US$)",NY.GNP.PCAP.CD,,,,,,,,,,,,,,,,,,,,,,,500,460,450,450,510,640,830,890,890,900,1040,1180,1290,1400,1330,1340,1300,1340,1370,1310,1270,1480,1850,2110,2250,2780,3280,3480,3410,3540,3470,3530,3450,
CRI,"GNI per capita, Atlas method (current US$)",NY.GNP.PCAP.CD,,,360,350,340,370,390,410,440,470,520,570,630,760,880,970,1040,1240,1480,1740,1950,1420,1020,1020,1280,1560,1820,2070,2190,2210,2320,2330,2580,2760,3010,3220,3270,3390,3480,3470,3710,3880,3970,4200,4570,4890,5310,5640,6270,6300,7100,7980,9040,9780,10120,
CSS,"GNI per capita, Atlas method (current US$)",NY.GNP.PCAP.CD,,,,,,,,,639.272182359,670.1712061709,719.9582298032,761.2535958418,908.4312347064,1007.5621716972,1185.5261837758,1494.8664985379,1594.5602733983,1729.4684204203,1906.3177169482,2052.4616445489,2242.6801844519,2545.1060933665,2737.1756510502,2584.3015828502,2511.3989212335,2493.2784784067,2453.4359111353,2549.4951580403,2764.9810850772,2843.9255942092,2895.2671513924,2909.3283910462,2943.262951929,2961.9374474009,3026.7898804643,3253.827511707,3541.9147299392,3633.1543550887,3841.4594044231,4205.1417032473,4575.1282686507,4723.7693665926,4952.2411714783,5414.7700883613,5995.3055448378,6606.7658064741,7335.5385607039,7993.8146816447,8794.6040810037,8449.9254521494,8439.5663821878,8286.4581347982,8794.9629631824,9241.4375902073,9955.4008443198,
CUB,"GNI per capita, Atlas method (current US$)",NY.GNP.PCAP.CD,,,,,,,,,,,,,850,1040,1240,1500,1550,1600,1790,2000,2150,2430,2340,2180,2310,2310,2390,2490,2780,2750,2660,2340,2130,1870,2140,2550,2700,2500,2240,2400,2620,2760,2820,3100,3490,3960,4520,4980,5430,5490,5570,5880,,,,
CUW,"GNI per capita, Atlas method (current US$)",NY.GNP.PCAP.CD,,,,,,,,,,,,,,,,,,,,,,,,,,,,,,,,,,,,,,,,,,,,,,,,,,,,,,,,
CYM,"GNI per capita, Atlas method (current US$)",NY.GNP.PCAP.CD,,,,,,,,,,,,,,,,,,,,,,,,,,,,,,,,,,,,,,,,,,,,,,,,,,,,,,,,
CYP,"GNI per capita, Atlas method (current US$)",NY.GNP.PCAP.CD,,,,,,,,,,,,,,,,,,1530,1820,2410,3410,4070,4510,4220,4360,4480,5090,6450,8090,8770,9510,9670,11230,11190,11900,12610,13790,14230,15330,14200,14070,14040,14340,16580,20030,23580,25240,27000,31450,30850,30690,31490,28890,27520,26370,
CZE,"GNI per capita, Atlas method (current US$)",NY.GNP.PCAP.CD,,,,,,,,,,,,,,,,,,,,,,,,,,,,,,,,,3330,3470,4130,5090,5930,6110,6060,6070,6320,6320,6620,8060,10210,12380,13920,15740,18300,18650,19210,19400,19270,19170,18370,
DEU,"GNI per capita, Atlas method (current US$)",NY.GNP.PCAP.CD,,,,,,,,,,,,,3610,4680,5800,6730,7140,7680,8880,11070,13030,12560,11140,10040,9890,9850,11260,14260,18650,19790,21340,22920,25860,25990,27530,29560,30910,30200,27990,26880,26210,24790,23710,26230,31730,35880,38370,40700,43870,43810,44790,46480,46680,47240,47640,
DJI,"GNI per capita, Atlas method (current US$)",NY.GNP.PCAP.CD,,,,,,,,,,,,,,,,,,,,,,,,,,,,,,,,,800,770,770,770,750,740,720,740,760,780,800,890,980,1030,,,,,,,,,,
DMA,"GNI per capita, Atlas method (current US$)",NY.GNP.PCAP.CD,,,,,,,,,,,,,,,,,,,,570,780,950,980,980,1090,1170,1460,1750,2090,2100,2300,2390,2590,2750,2830,2980,3080,3190,3360,3340,3600,4150,4360,4810,5080,5140,5480,5760,6330,6510,6700,6890,6760,6710,6930,
DNK,"GNI per capita, Atlas method (current US$)",NY.GNP.PCAP.CD,,,,,,,,,,,3310,3690,4350,5600,6850,8150,9040,9850,11250,13670,15240,14330,12980,11800,11610,11940,14140,17870,22300,23240,24530,25720,28930,28780,30600,32830,35040,35320,33580,33130,32660,31440,30870,34850,42760,49620,53520,55700,60260,59840,60820,61490,60680,61740,61310,
DOM,"GNI per capita, Atlas method (current US$)",NY.GNP.PCAP.CD,,,220,240,260,230,250,250,250,280,340,370,430,520,610,710,780,830,890,1030,1160,1230,1240,1260,1360,1040,1000,930,910,900,870,1030,1320,1580,1700,1910,2140,2300,2380,2470,2630,2650,2810,2590,2480,2910,3470,4260,4610,4830,5240,5430,5680,5860,6040,
DZA,"GNI per capita, Atlas method (current US$)",NY.GNP.PCAP.CD,,,190,230,240,240,230,250,280,310,330,310,430,530,710,910,1050,1140,1350,1670,2010,2220,2280,2210,2260,2390,2590,2810,2750,2540,2360,1990,1890,1720,1610,1550,1510,1500,1530,1530,1570,1670,1730,1920,2240,2710,3100,3590,4190,4280,4470,4590,5200,5510,5490,
EAP,"GNI per capita, Atlas method (current US$)",NY.GNP.PCAP.CD,,,71.3282766613,77.5119050172,86.2336715579,97.7717834251,105.8302446663,99.8645818554,96.6495854908,108.2111603937,121.2274761886,124.460387198,131.514357729,159.058340866,186.3222704533,217.0016089043,212.28555978,226.062552968,241.8254012051,266.3041200124,294.4128323267,312.7193690357,310.5772589377,309.1525265454,324.7578440893,346.4242481074,366.5003954084,382.5037372213,403.6045908405,407.4011900923,425.1607717278,449.8836096761,500.347891925,548.7118652216,612.6411598276,701.3654825217,815.6841909855,884.0345294501,829.8339263405,853.4720801427,911.7370973672,978.8548791828,1057.5827782195,1212.8787056413,1425.5926237481,1640.5314201656,1896.5806881377,2274.0475054168,2770.6182260528,3216.4479402489,3755.012463862,4322.6861112301,5053.6842027877,5686.7326831163,6156.0173913998,
EAS,"GNI per capita, Atlas method (current US$)",NY.GNP.PCAP.CD,,,141.2660074609,154.6006372822,173.0245858309,191.6127904431,211.1768192771,222.3585259606,241.4004186667,274.9005970102,300.4693985323,329.133076505,387.6057784213,492.5600776849,597.42899139,697.0059421898,722.4991102921,782.453324834,925.5642408929,1122.0477898336,1275.6161477224,1327.2878706822,1281.333476214,1246.0487984177,1282.9047707077,1375.486487313,1575.7227805341,1914.6569706442,2450.217037279,2636.4735355565,2748.8010482629,2850.2257090098,3048.248023533,3310.6463447633,3621.6460101967,4052.7648134449,4241.5394932975,4133.1803287763,3603.7560665281,3567.5823567967,3756.988964685,3841.947003152,3801.8845536295,3989.7246786416,4485.0995973276,4902.6696807565,5191.8312298389,5571.0226789809,6082.6248782042,6420.6662913882,7223.5924020647,7995.6195166432,8956.0038793255,9533.1986451606,9726.1388427099,
ECA,"GNI per capita, Atlas method (current US$)",NY.GNP.PCAP.CD,,,,,,,,,,,,,,,,,,,,,,,,,,,,,,1383.2912142121,1474.6485237864,1506.8266396412,1589.080368195,1575.9624188802,1390.4271156245,1444.9330941441,1484.9870072903,1578.3299532509,1640.7846852399,1651.0935841547,1804.2122210388,1636.6834863536,1693.7867399663,1945.6665975308,2544.1488372775,3234.4193838241,3851.6783452125,4600.3806885601,5442.9036582451,5477.3662898585,5833.3632704121,6118.3780045132,6485.252020812,6885.2411790569,6891.8586797722,
ECS,"GNI per capita, Atlas method (current US$)",NY.GNP.PCAP.CD,,,,,,,,,,,1349.9804307424,1483.1975528523,1721.5953292184,2180.9341858196,2659.6755289618,3065.455381927,3241.6519899342,3458.3141379391,3907.427158475,4830.1204581998,5780.1970817119,5805.3493196793,5314.4838954181,4754.4683832813,4586.8015787347,4569.6897887718,5226.2283309173,6607.594129976,8473.5983626776,9046.4217556503,9711.1749961939,10324.1631453938,11390.3646928667,11214.0226213663,11406.9131744945,11991.1745543852,12663.5387382808,12831.5625297701,12434.8871573001,12309.0076542713,12396.0961635664,11987.495882221,11924.065090409,13499.1375339196,16438.9446440792,19073.1568642329,20669.3422098749,22419.3607851186,24382.6589168803,24105.6153265319,24329.7003119261,24705.3267454913,24943.8924381549,25472.8588938577,25415.8089670045,
ECU,"GNI per capita, Atlas method (current US$)",NY.GNP.PCAP.CD,,,210,210,220,280,340,460,470,500,520,510,510,600,830,1090,1290,1370,1560,1830,2140,2480,2430,2140,1930,1830,1780,1640,1530,1390,1370,1480,1600,1670,1820,1970,2080,2190,2170,1790,1540,1550,1740,2130,2560,2900,3120,3330,3880,4090,4410,4900,5410,5810,6090,
EGY,"GNI per capita, Atlas method (current US$)",NY.GNP.PCAP.CD,,,,,,,,170,180,200,220,230,250,270,290,320,350,380,390,420,500,530,550,550,570,600,640,790,800,780,750,730,740,740,820,920,1020,1130,1210,1320,1420,1450,1360,1290,1230,1240,1330,1550,1860,2140,2390,2590,2810,2940,3050,
EMU,"GNI per capita, Atlas method (current US$)",NY.GNP.PCAP.CD,,,1093.6900089079,1195.5940168341,1317.4843073132,1455.0622102401,1594.6094808607,1729.546784193,1882.7693683482,2067.673292164,2260.3748447378,2483.892674787,2892.2825977608,3711.7353228804,4600.3357706686,5309.7616668173,5632.2652761069,6047.5510981828,6867.8458018931,8519.4697785945,10226.290931836,10127.4582135484,9176.3523323613,8181.3301848495,7953.6877193943,7962.4416576905,9186.42964348,11735.0516548336,15247.3383968165,16349.7122728231,17628.2066863587,18889.530181931,21208.957425307,20882.1950658307,21424.5898569309,22564.6217963627,23838.9819579488,23822.431112005,22775.600172147,22366.3573582278,22149.4298825991,21206.5733344967,20684.2173037736,23311.0654258036,28323.0287265265,32460.460584936,34605.2921531124,36792.1949554207,39594.6916932653,39633.5600383859,39811.3919704666,40117.9647566557,39241.2919712049,39394.9377034761,39161.6434755233,
ERI,"GNI per capita, Atlas method (current US$)",NY.GNP.PCAP.CD,,,,,,,,,,,,,,,,,,,,,,,,,,,,,,,,,,,190,190,200,220,220,210,200,200,200,200,230,260,280,280,280,330,380,480,,,,
ESP,"GNI per capita, Atlas method (current US$)",NY.GNP.PCAP.CD,,,500,570,640,730,840,930,1010,1110,1170,1310,1600,2100,2750,3270,3460,3660,4040,5010,6230,6320,5690,4870,4590,4570,5410,7120,9430,10720,12220,13720,15660,15090,14580,14970,15740,16020,15650,15660,15900,15580,15580,18060,22120,25930,27970,29920,32440,32770,32130,31140,29850,29540,29440,
EST,"GNI per capita, Atlas method (current US$)",NY.GNP.PCAP.CD,,,,,,,,,,,,,,,,,,,,,,,,,,,,,,,,,,,,,,,,,4150,4320,4620,5710,7480,9710,11500,13500,15050,14470,14580,15880,17040,18390,19030,
ETH,"GNI per capita, Atlas method (current US$)",NY.GNP.PCAP.CD,,,,,,,,,,,,,,,,,,,,,,,,210,200,190,230,280,270,250,260,250,220,210,160,150,150,140,130,120,120,130,120,110,130,160,180,220,280,340,380,390,410,470,550,
EUU,"GNI per capita, Atlas method (current US$)",NY.GNP.PCAP.CD,,,,,,,,,,,1927.5337842755,2128.6200159513,2481.6460887142,3155.0862748215,3846.2270636185,4424.7092999115,4674.044904563,4994.5260691449,5662.6428634482,7028.8112998374,8463.541737936,8516.9051763009,7827.0288713118,7008.1281082479,6770.385800364,6759.683899636,7768.7213568703,9875.7921808522,12757.2400105062,13677.0249146815,14709.8360008797,15696.6513858944,17585.8193973608,17336.3917299031,17823.6405988976,18767.6650334219,19876.040380787,20095.4561193176,19579.9993512666,19486.5298704862,19558.9945806825,18911.7881581004,18671.1181106527,21042.1918313785,25475.3667511723,29271.3768796588,31310.6797917953,33496.1894460008,35962.0260477997,35490.1480773636,35421.9191346,35694.4643894478,35287.6968647874,35657.6668900571,35717.6293500988,
FCS,"GNI per capita, Atlas method (current US$)",NY.GNP.PCAP.CD,,,,,,,,,,,,,,,,,,,,,,,,,,,,,,,,,488.4329626725,471.0827929447,445.2224734073,456.5228320315,463.6004484364,481.9983697236,490.892189962,483.5299342464,486.0524211086,498.1484306557,516.2150812429,526.1091650809,594.2065974928,687.0806714473,831.512805687,968.3516169342,1164.5351043637,1265.2091634526,1339.3701563554,1262.5886008449,1525.7655379138,1616.5592065532,1552.3404377227,
FIN,"GNI per capita, Atlas method (current US$)",NY.GNP.PCAP.CD,,,1370,1470,1620,1810,1970,2060,2090,2270,2470,2690,3170,4030,5130,6320,6840,7190,7910,9540,11450,11980,11700,10840,10790,11130,13010,16480,21540,24110,26000,25090,24170,20680,20170,22030,24970,26650,25790,26040,26420,25780,25510,28680,35200,40100,42740,46040,49920,48590,49330,49910,48670,49050,48420,
FJI,"GNI per capita, Atlas method (current US$)",NY.GNP.PCAP.CD,,,280,290,300,290,300,340,350,350,400,440,530,720,930,1120,1220,1300,1360,1660,1870,2040,1800,1580,1660,1580,1790,1770,1790,1790,1790,1790,1990,2090,2230,2460,2660,2580,2300,2350,2230,2140,2170,2420,3030,3590,3630,3830,4020,3870,3650,3610,4020,4660,4870,
FRA,"GNI per capita, Atlas method (current US$)",NY.GNP.PCAP.CD,,,1560,1700,1880,2040,2210,2370,2560,2820,3010,3240,3670,4690,5780,6700,7120,7790,8810,10810,13080,13200,12060,10470,9840,9800,11350,14490,18540,19510,20660,21550,24010,23760,24550,25910,27270,27090,25970,25560,25150,23940,23180,26020,31500,36000,37960,40250,43510,43760,43790,44220,43030,43530,42960,
FRO,"GNI per capita, Atlas method (current US$)",NY.GNP.PCAP.CD,,,,,,,,,,,,,,,,,,,,,,,,,,,,,,,,,,,,,,,,,,,,,,,,,,,,,,,,
FSM,"GNI per capita, Atlas method (current US$)",NY.GNP.PCAP.CD,,,,,,,,,,,,,,,,,,,,,,,,,,,,,,,,,,2120,2130,2210,2150,2110,2010,2060,2210,2250,2270,2380,2440,2550,2550,2550,2560,2770,2870,3050,3220,3280,3200,
GAB,"GNI per capita, Atlas method (current US$)",NY.GNP.PCAP.CD,,,340,410,340,360,420,440,460,530,570,610,680,900,1690,2860,4430,3990,3070,3500,4580,5270,4820,4250,4290,3850,3830,3410,4140,4560,4810,5160,5110,4420,4130,3900,4090,4260,3930,3270,3090,3420,3600,3870,4320,5580,5750,6770,7690,8110,8470,8890,9460,9910,9720,
GBR,"GNI per capita, Atlas method (current US$)",NY.GNP.PCAP.CD,,,,,,,,,,,2260,2540,2980,3640,4060,4540,4680,4880,5540,7050,8880,9920,9930,9180,8630,8500,9520,11840,15080,16190,17260,18020,20000,19910,20420,21110,22050,23400,24810,26170,27400,27220,27580,30570,36140,41150,43480,46240,46990,42820,40480,40190,41010,42050,43430,
GEO,"GNI per capita, Atlas method (current US$)",NY.GNP.PCAP.CD,,,,,,,,,,,,,,,,,,,,,,,,,,,,,,,,,750,540,510,540,650,790,820,780,750,720,770,910,1100,1360,1680,2090,2460,2550,2680,2850,3290,3560,3720,
GHA,"GNI per capita, Atlas method (current US$)",NY.GNP.PCAP.CD,,,190,200,210,230,250,250,230,230,250,270,260,280,320,310,290,310,360,390,430,420,360,320,340,350,400,420,440,410,400,420,440,420,380,380,380,400,400,400,340,300,280,320,390,470,610,800,1170,1210,1260,1410,1570,1740,1590,
GIN,"GNI per capita, Atlas method (current US$)",NY.GNP.PCAP.CD,,,,,,,,,,,,,,,,,,,,,,,,,,,,,430,420,430,430,460,470,470,470,470,470,430,420,380,340,330,320,350,340,300,310,340,380,390,400,430,450,470,
GMB,"GNI per capita, Atlas method (current US$)",NY.GNP.PCAP.CD,,,,,,,,,110,110,110,120,120,150,190,240,240,250,280,330,400,410,350,320,300,310,310,330,310,310,320,410,550,750,730,740,750,730,710,690,670,600,480,420,420,400,410,450,520,580,590,520,520,500,,
GNB,"GNI per capita, Atlas method (current US$)",NY.GNP.PCAP.CD,,,,,,,,,,,,,120,130,150,160,150,140,150,170,140,170,180,170,170,180,150,160,170,190,210,230,220,210,200,210,220,220,150,150,190,230,280,300,350,390,410,430,480,520,540,590,580,570,550,
GNQ,"GNI per capita, Atlas method (current US$)",NY.GNP.PCAP.CD,,,,,,,,,,,,,,,,,,,,,,,140,140,150,170,180,230,270,260,290,300,420,410,300,280,400,970,790,920,880,1040,1470,1390,2040,4660,9320,12110,13150,8700,7880,9710,12460,11890,10210,
GRC,"GNI per capita, Atlas method (current US$)",NY.GNP.PCAP.CD,,,630,710,790,890,980,1070,1180,1330,1500,1700,1990,2490,2840,3470,3750,3930,4590,5640,6490,6360,5900,5270,5130,5010,5350,6130,7580,8300,9000,9900,11220,11120,11550,12310,13280,13930,13640,13210,13180,12940,13040,15550,19370,22510,24270,26070,28330,29070,27600,24980,23760,22680,,
GRD,"GNI per capita, Atlas method (current US$)",NY.GNP.PCAP.CD,,,,,,,,,,,,,,,,,,,,890,,,,,,,1370,1700,1920,2120,2250,2430,2510,2480,2590,2660,2790,2870,2990,3340,3860,4140,4720,5370,5440,6760,6530,6940,7370,6810,7050,7180,7160,7450,7910,
GRL,"GNI per capita, Atlas method (current US$)",NY.GNP.PCAP.CD,,,,,,,,,,,,,1890,2440,3130,3800,4330,5140,6160,7550,9270,9100,8020,7270,6740,7060,8540,11470,15170,16970,15690,16510,17440,16600,17830,19470,20780,20540,20440,19740,20290,19390,18760,21060,25660,29690,30830,34060,30010,26020,,,,,,
GTM,"GNI per capita, Atlas method (current US$)",NY.GNP.PCAP.CD,,,260,280,290,290,300,300,320,330,350,360,390,450,530,600,670,780,890,1050,1170,1200,1130,1080,1100,1130,1040,1000,960,960,930,960,1020,1130,1220,1350,1430,1520,1610,1640,1660,1600,1610,1680,1850,1990,2140,2350,2560,2590,2680,2830,3070,3290,3430,
GUM,"GNI per capita, Atlas method (current US$)",NY.GNP.PCAP.CD,,,,,,,,,,,,,,,,,,,,,,,,,,,,,,,,,,,,,,,,,,,,,,,,,,,,,,,,
GUY,"GNI per capita, Atlas method (current US$)",NY.GNP.PCAP.CD,,,280,250,280,310,320,340,340,360,360,390,400,430,550,680,670,610,610,660,750,730,580,510,470,510,530,460,480,370,390,390,440,500,610,740,860,910,880,890,880,870,890,920,940,1060,1340,1790,2410,2650,2900,3190,3600,3940,,
HIC,"GNI per capita, Atlas method (current US$)",NY.GNP.PCAP.CD,,,1352.5874886035,1429.6704093549,1533.6861506501,1660.7537120654,1809.8067486126,1918.0884927992,2097.8028012044,2278.8484759647,2441.2471090646,2660.3229131272,3036.8030597192,3712.936908481,4354.0711201522,4875.7587195129,5168.8929786896,5532.279908316,6298.0104936452,7534.5698136319,8684.4425855351,9046.5653854431,8623.388410635,8282.5779416371,8571.6902278049,8950.7184251368,10050.8015650568,12002.2808913394,14571.4123231098,15319.6520510901,16039.2557852191,16701.6722039998,18121.1130934243,18547.6446558367,19423.8002313851,20688.8646385867,21617.1479628097,21752.6855260286,20887.8355271143,21091.1056489772,21939.8925604296,21943.0086589099,21777.9637797026,23488.0518019016,26868.2964473742,29723.9293895767,31416.7522990345,32890.7828788003,34578.540929435,33990.4815025404,34959.1143753473,36156.2043335863,37582.0035508173,38352.0294337569,38274.3067526922,
HKG,"GNI per capita, Atlas method (current US$)",NY.GNP.PCAP.CD,,,,,,,,710,740,840,930,1060,1300,1750,2170,2450,2900,3340,3930,4700,5730,6360,6290,5890,6170,6090,7230,9070,10770,11550,12660,14320,16560,19490,21770,23500,24020,25910,24800,25800,26930,26350,25270,26340,28120,28890,30290,32070,33950,32350,33620,35690,36320,38520,40320,
HND,"GNI per capita, Atlas method (current US$)",NY.GNP.PCAP.CD,,,180,180,190,210,220,230,250,250,260,270,290,320,360,380,420,470,550,630,690,740,700,680,720,780,830,930,960,870,690,620,610,650,630,640,660,720,750,790,920,1030,1130,1200,1290,1390,1470,1620,1780,1840,1920,2090,2200,2250,2270,
HPC,"GNI per capita, Atlas method (current US$)",NY.GNP.PCAP.CD,,,,,,,,,137.092456256,143.1662092233,151.4764895262,159.4033126004,166.6278930264,192.3414450189,237.0023099269,270.8754920738,279.1905342436,295.6854438543,331.7039806843,384.0706536342,420.9089915705,430.2594457468,394.2444224966,345.1845930773,323.8806756201,316.3087802873,350.8466422982,400.0057331792,419.3082197568,396.6596704535,365.5230324044,346.3310617285,335.2013491458,322.8595835252,290.2684453446,294.5082909235,303.2955680964,311.6337807781,305.8471858696,303.5532199705,299.251397133,293.5380150332,296.8606948237,316.9990618341,364.0419864029,414.4156560759,459.673811747,522.8091023579,613.8226143523,666.5486257993,703.3861200611,737.4912737528,787.8776230404,834.2560796286,860.7074608838,
HRV,"GNI per capita, Atlas method (current US$)",NY.GNP.PCAP.CD,,,,,,,,,,,,,,,,,,,,,,,,,,,,,,,,,,,,,,5470,5440,5110,5290,5190,5470,6490,8270,9870,10990,12350,13970,13810,13750,14050,13460,13460,12980,
HTI,"GNI per capita, Atlas method (current US$)",NY.GNP.PCAP.CD,,,,,,,,,,,,,,,,,,,,,,,,,,,,,,,,,,,,,,,,,,,,,380,420,470,550,620,680,650,700,750,800,820,
HUN,"GNI per capita, Atlas method (current US$)",NY.GNP.PCAP.CD,,,,,,,,,,,,,,,,,,,,,,,,,,,,,,,,,,3690,4070,4290,4400,4450,4460,4530,4660,4820,5310,6670,8690,10430,11290,11810,13200,13270,13090,13050,12850,13350,13340,
IDN,"GNI per capita, Atlas method (current US$)",NY.GNP.PCAP.CD,,,,,,,,,,80,90,90,100,120,170,230,280,330,390,420,500,570,590,570,550,520,520,510,530,560,610,610,670,800,880,990,1090,1100,660,570,560,670,720,900,1080,1220,1380,1600,1940,2150,2530,3010,3580,3740,3630,
IMN,"GNI per capita, Atlas method (current US$)",NY.GNP.PCAP.CD,,,,,,,,,,,,,,,,,,,,,,,,,,,,,,,,,,,,,,17050,18820,21350,21920,22330,23340,27070,33330,38690,43240,48300,,,,,,,,
IND,"GNI per capita, Atlas method (current US$)",NY.GNP.PCAP.CD,,,90,100,110,110,110,110,100,110,120,120,130,150,170,190,180,190,210,230,280,300,290,290,290,300,320,360,400,400,390,350,350,330,350,380,410,420,420,450,450,460,470,530,620,730,810,950,1030,1150,1260,1410,1500,1530,1570,
INX,"GNI per capita, Atlas method (current US$)",NY.GNP.PCAP.CD,,,,,,,,,,,,,,,,,,,,,,,,,,,,,,,,,,,,,,,,,,,,,,,,,,,,,,,,
IRL,"GNI per capita, Atlas method (current US$)",NY.GNP.PCAP.CD,,,,,,,,,,,,,2070,2540,2990,3390,3280,3580,4120,5120,6380,6780,6390,5720,5610,5630,6370,8220,10420,11100,12560,13130,14440,14600,15480,16920,19100,20810,21480,22700,24200,24150,24880,30080,37250,44500,48590,51010,52020,47160,44740,43100,42160,44450,46550,
IRN,"GNI per capita, Atlas method (current US$)",NY.GNP.PCAP.CD,,,,,,260,290,300,340,370,400,460,560,750,1120,1500,2030,2090,2010,2290,2200,2470,3120,3320,3180,3510,3700,3560,3020,2590,2560,,,,,1330,1620,1820,1810,1730,1760,1800,1880,2190,2480,2910,3390,4160,4820,5370,6020,6730,7010,7120,,
IRQ,"GNI per capita, Atlas method (current US$)",NY.GNP.PCAP.CD,,,,,,,,,,,,,,,,,,,,,3930,3460,3050,2360,2540,2750,3050,3520,3710,3710,7020,,,,,,,,,,,,,,,,2020,2510,3530,4020,4410,4800,6130,6870,6500,
ISL,"GNI per capita, Atlas method (current US$)",NY.GNP.PCAP.CD,,,1540,1740,2050,2440,2980,3110,2790,2490,2540,3000,3720,4930,6650,7450,7930,8970,10800,13110,15360,16160,15020,12510,11830,11870,14170,19000,23350,24080,24680,25130,26370,25960,25530,25350,27180,28300,29010,30220,31540,30450,30380,33130,41410,50730,53490,62290,50020,42210,36670,37590,40530,46350,,
ISR,"GNI per capita, Atlas method (current US$)",NY.GNP.PCAP.CD,,,1420,1390,1320,1440,1470,1460,1620,1700,1750,1920,2270,2570,3390,3910,3840,3740,3910,4510,5350,6070,6010,5990,5980,5980,6450,7610,9230,9770,10860,11490,12590,13070,13830,15590,17420,18010,17720,17410,18800,19040,18340,18400,19940,21220,22060,23710,25920,27180,29460,31190,32470,34310,35320,
ITA,"GNI per capita, Atlas method (current US$)",NY.GNP.PCAP.CD,,,960,1060,1160,1280,1410,1550,1700,1850,2060,2250,2610,3240,3920,4310,4500,4710,5250,6720,8410,8690,8190,7610,7740,8010,9350,12120,15910,17240,18610,20310,22890,21530,20800,20610,21770,22250,22140,21910,21820,21080,20640,23270,28220,32390,34210,35830,37770,37690,37700,37690,36000,35370,34270,
JAM,"GNI per capita, Atlas method (current US$)",NY.GNP.PCAP.CD,,,,,,,,,620,650,720,760,990,1030,1190,1380,1390,1460,1450,1320,1230,1310,1360,1350,1140,940,960,1180,1500,1710,1790,1760,1630,1800,1820,2120,2310,2530,2690,3030,3290,3280,3330,3530,3770,3920,4230,4480,4750,4500,4570,4790,5200,5250,5150,
JOR,"GNI per capita, Atlas method (current US$)",NY.GNP.PCAP.CD,,,,,,,,,,,,,,,,,,1060,1330,1610,2000,2110,2080,1960,1970,1930,2120,2340,2340,1690,1430,1160,1360,1390,1450,1560,1560,1580,1600,1650,1790,1840,1880,2000,2280,2490,2720,3030,3530,3900,4120,4370,4660,4940,5160,
JPN,"GNI per capita, Atlas method (current US$)",NY.GNP.PCAP.CD,,,610,690,800,890,1030,1200,1430,1660,1810,2090,2680,3570,4350,5060,5310,5840,7320,9280,10670,10940,10380,10060,10310,11360,13650,17800,24470,26640,27560,28290,30190,33170,36590,41270,42030,39230,33480,32830,34980,35600,33750,34010,37150,39140,38570,37590,37760,37470,41980,45190,47830,46330,42000,
KAZ,"GNI per capita, Atlas method (current US$)",NY.GNP.PCAP.CD,,,,,,,,,,,,,,,,,,,,,,,,,,,,,,,,,,1430,1310,1280,1340,1390,1390,1290,1260,1350,1520,1800,2300,2950,3860,4980,6150,6780,7440,8190,9780,11560,11850,
KEN,"GNI per capita, Atlas method (current US$)",NY.GNP.PCAP.CD,,,100,100,110,110,120,120,130,140,130,160,190,200,230,250,250,280,330,400,460,450,400,340,320,310,340,380,410,400,380,350,330,270,260,270,340,390,440,440,420,410,390,420,470,530,600,730,860,930,1000,1040,1090,1180,1290,
KGZ,"GNI per capita, Atlas method (current US$)",NY.GNP.PCAP.CD,,,,,,,,,,,,,,,,,,,,,,,,,,,,,,,,,520,450,370,360,390,390,360,300,280,280,290,340,400,450,500,610,760,860,850,880,1040,1220,1250,
KHM,"GNI per capita, Atlas method (current US$)",NY.GNP.PCAP.CD,,,,,,,,,,,,,,,,,,,,,,,,,,,,,,,,,,,,300,310,320,290,290,300,310,320,350,400,460,520,590,670,690,750,810,880,960,1020,
KIR,"GNI per capita, Atlas method (current US$)",NY.GNP.PCAP.CD,,,,,,,,,,,,,,,,,,,870,860,660,650,780,790,620,570,550,540,670,660,720,740,870,1030,1090,1160,1120,1390,1520,1340,1390,1390,1230,1310,1600,1760,1710,1810,1950,1870,1890,1940,2420,2710,2950,
KNA,"GNI per capita, Atlas method (current US$)",NY.GNP.PCAP.CD,,,,,,,,,,,,,,,,,,,,1370,1690,1860,1910,1970,2190,2420,2930,3480,4160,4410,4940,4940,5340,5770,6210,6800,7150,7520,7240,7660,8300,8830,9030,8950,9930,10970,11880,12540,13720,13100,12650,13010,13070,14000,14920,
KOR,"GNI per capita, Atlas method (current US$)",NY.GNP.PCAP.CD,,,110,120,130,130,130,140,180,230,260,310,340,420,540,640,790,950,1250,1640,1900,2070,2080,2200,2360,2510,2930,3600,4590,5440,6480,7550,8290,8980,10010,11650,13080,13300,10120,10160,10750,11630,12470,13360,15650,17800,19980,22460,22850,21090,21320,22620,24640,25870,27090,
KSV,"GNI per capita, Atlas method (current US$)",NY.GNP.PCAP.CD,,,,,,,,,,,,,,,,,,,,,,,,,,,,,,,,,,,,,,,,,,,,,,,2510,2800,3100,3280,3420,3640,3780,3960,3990,
KWT,"GNI per capita, Atlas method (current US$)",NY.GNP.PCAP.CD,,,,,,,,3610,3630,3530,3310,3510,3610,4290,6480,9840,14550,13760,15190,19010,19290,21140,18720,17670,16650,14710,16910,15630,14550,17700,,,,,,20130,20730,21790,20400,17770,19050,19790,19830,23300,28640,34600,41130,46930,50770,45010,41220,42860,49600,52060,49300,
LAC,"GNI per capita, Atlas method (current US$)",NY.GNP.PCAP.CD,,,266.5721908441,282.3223003753,310.309980411,326.7761026463,343.4183624565,374.0642911759,417.6435054627,446.7123205806,479.3195480289,523.3677884465,595.3355601209,730.0500187226,912.4898115116,1089.5451295454,1195.4485199866,1244.8151460839,1378.060492432,1611.4406059653,1896.6944201099,2037.7776618406,1913.1867608811,1638.6838624061,1558.6932436142,1543.5973703603,1593.5604343079,1701.3672206239,1809.1318509046,2065.5184633404,2156.0379753197,2491.5217014653,2594.7959956649,2770.4402606544,2989.1694215195,3193.0433929617,3515.114723191,3768.9431387164,3744.1815868742,3535.6363337729,3602.3175291244,3488.7460487345,3486.1699507954,3534.0495608755,3871.7694154459,4292.6289106783,4866.9096317481,5652.6739364414,6469.8260858832,6594.9843224667,7404.2000636392,8137.1636426857,8959.916989854,9210.0846640408,8989.5423345576,
LAO,"GNI per capita, Atlas method (current US$)",NY.GNP.PCAP.CD,,,,,,,,,,,,,,,,,,,,,,,,,,,550,430,250,210,190,210,250,280,310,350,380,370,310,290,280,310,320,340,390,460,510,620,750,890,1000,1120,1300,1490,1660,
LBN,"GNI per capita, Atlas method (current US$)",NY.GNP.PCAP.CD,,,,,,,,,,,,,,,,,,,,,,,,,,,,,,,1360,1780,1830,2230,2840,3610,4210,4520,4970,5330,5470,5300,4990,4460,5600,5740,5650,6250,6960,7840,8450,9070,9410,9610,10030,
LBR,"GNI per capita, Atlas method (current US$)",NY.GNP.PCAP.CD,,,160,160,190,200,210,220,230,240,250,260,280,290,340,370,410,430,470,520,520,500,440,360,360,360,350,360,390,280,,,,,,,,120,130,120,150,130,120,80,90,120,130,160,180,220,250,320,340,370,370,
LBY,"GNI per capita, Atlas method (current US$)",NY.GNP.PCAP.CD,,,,,,,,,,,,,,,,,,,,,,,,,,,,,,,,,,,,,,,,,,,5180,5170,5150,6860,8570,10330,12070,11940,12250,4660,10860,10520,7820,
LCA,"GNI per capita, Atlas method (current US$)",NY.GNP.PCAP.CD,,,,,,,,,,,,,,,,,,,,,,,1150,1190,1490,1430,1730,1900,2170,2330,2730,2830,3180,3270,3370,3540,3720,3700,3800,4010,4410,4300,4390,4660,5210,5360,6030,6250,6600,6730,6600,6900,6960,7110,7260,
LCN,"GNI per capita, Atlas method (current US$)",NY.GNP.PCAP.CD,,,387.5635694491,409.9788906495,441.1080203552,462.5143322491,487.5920630982,502.0804038523,538.2241877701,572.7487614449,608.8934391694,665.9707820972,732.1963208599,894.5124622706,1130.0482757862,1303.3086792196,1372.4446887801,1413.9138774683,1546.4953888973,1816.9705522522,2125.6160377777,2277.2016286446,2136.6630459587,1890.7858743041,1798.286960836,1752.6586971356,1823.2189911376,1958.8413566697,2089.7613118857,2203.2474832977,2311.2801808357,2660.9454507046,2949.2750388698,3167.0374974947,3393.2473276032,3588.841357451,3913.6542338135,4192.0858604053,4161.8605145444,3959.7203443735,4040.1849121387,3932.739566576,3676.0693720218,3670.3417790588,4023.1607474053,4549.6114913343,5212.0633153441,6076.3639056009,6989.7015138115,7180.0585659261,8049.9095490164,8825.6564039916,9713.0550908074,10060.1375268711,9812.0506689444,
LDC,"GNI per capita, Atlas method (current US$)",NY.GNP.PCAP.CD,,,,,,,,,,,,,,163.9490963672,204.3255612082,242.2671935351,243.1826276033,240.8163186693,252.3143844158,294.7996125768,330.0962896419,338.5075492822,313.6039314695,275.7617887276,255.2886628222,249.7756533909,278.0495771723,318.3961834474,333.4904175913,320.6676080521,309.1863219023,305.7815147488,285.7287329809,272.5152954809,247.3823017537,256.6624615071,268.4274475002,283.3471287683,281.9960427851,281.0783372077,286.4308900262,288.9561728072,299.2986102862,317.2855537652,358.4544775559,405.2071163883,448.8113118069,506.17479439,581.3268186774,632.9460469179,675.5530926852,712.9135206849,766.7158792569,812.0634082866,844.0421660171,
LIC,"GNI per capita, Atlas method (current US$)",NY.GNP.PCAP.CD,,,,,,,,,,,,,,,,,,,,,,,,,257.9225837623,244.1971566255,261.5077746454,281.7677723643,304.1713589609,296.4952806702,290.6439813557,279.8088743068,263.8994888283,251.587730278,220.8622044354,218.97927632,229.4205271868,237.202245376,231.3425876103,228.4225589097,228.3651366264,226.990668695,229.359596221,237.5278146057,268.6217269455,300.6065683929,325.6898212046,364.3582858597,412.5864125509,462.5749799317,497.0263264811,524.9264857778,561.0649871022,599.7393263499,628.6090015409,
LIE,"GNI per capita, Atlas method (current US$)",NY.GNP.PCAP.CD,,,,,,,,,,,,,5120,6500,8210,10150,11190,12370,14760,18520,22620,22630,20340,18790,19030,19750,22890,31210,41550,43690,45550,47660,54440,56810,62120,70160,78640,80120,77530,78470,78630,68010,64840,68220,78410,92360,103560,111510,121040,115530,,,,,,
LKA,"GNI per capita, Atlas method (current US$)",NY.GNP.PCAP.CD,,,,130,130,130,150,160,160,170,170,170,190,210,250,280,260,260,250,270,280,310,320,320,340,380,410,440,460,450,470,500,560,610,640,700,740,790,810,820,860,830,860,950,1070,1210,1350,1540,1770,1970,2360,2520,2920,3170,3460,
LMC,"GNI per capita, Atlas method (current US$)",NY.GNP.PCAP.CD,,,,,,,,123.3429156164,123.267710375,133.4084206469,143.585326332,149.7905466623,157.1727871874,179.2295053328,218.7590011604,257.225734703,271.5196975693,287.5510870067,318.0663761251,354.8931228415,419.1422636872,454.7344884619,446.1915251957,420.101081168,401.6308612859,401.0300649584,415.1799935327,452.3267950988,490.6329400816,487.0998077366,482.7855419764,459.4975210611,467.4080617526,461.5899979191,476.0879594099,509.8181454991,554.1257549007,571.8158060133,532.0109236538,536.742077807,543.615094623,561.7893648173,571.1692928184,636.8327517342,742.1335878424,843.5708346354,946.9040247567,1096.3425095411,1252.8824702295,1362.9630220019,1512.2359249698,1666.0265147822,1867.8459278984,1964.2561607392,2011.937950311,
LMY,"GNI per capita, Atlas method (current US$)",NY.GNP.PCAP.CD,,,107.3859656098,115.8957203062,126.9154839871,136.9381665721,141.8440880427,143.4972213489,147.8807604176,161.2434721237,175.1316480791,184.3012173538,200.0866259584,239.1350038826,294.1754975869,349.2585401674,370.3851233107,387.8876090057,420.5148684132,481.5777669252,552.7387252837,591.2761318748,577.2374257456,534.9961720077,526.9652490027,539.5652916892,566.7770780809,609.9253623035,645.5137917796,662.3204757292,688.8634177756,721.0014215922,753.6397447502,780.1079182019,817.8415437449,885.4636611077,979.4278768721,1041.6553639504,1017.8937966626,1010.7358710159,1048.3707301147,1055.4513272148,1087.3578104418,1187.4076063358,1376.3982714502,1585.0523448898,1814.856762249,2126.5013533897,2482.6183162615,2702.646820683,3041.4194639254,3376.4948756971,3803.0471692304,4088.1669866317,4238.347919167,
LSO,"GNI per capita, Atlas method (current US$)",NY.GNP.PCAP.CD,,,,,,,80,80,80,80,90,90,100,150,220,230,280,320,340,410,450,530,620,550,490,400,390,420,500,520,550,570,640,640,660,660,680,680,610,600,580,640,580,640,750,910,980,1020,1070,1090,1160,1370,1460,1550,1330,
LTU,"GNI per capita, Atlas method (current US$)",NY.GNP.PCAP.CD,,,,,,,,,,,,,,,,,,,,,,,,,,,,,,,,,,,,,,2600,2860,2990,3220,3460,3820,4680,5950,7550,8760,10470,12490,12520,12350,13020,13950,15140,15430,
LUX,"GNI per capita, Atlas method (current US$)",NY.GNP.PCAP.CD,,,1630,1680,1870,1920,2020,2070,2240,2560,2680,3000,3700,4750,6250,7200,7720,8230,9670,11740,14040,14050,13540,12240,11850,11910,14160,18230,23600,26040,28580,32080,35570,36540,37710,41750,44530,46430,42400,42050,42250,41470,40190,43180,55890,66390,60170,74290,78950,69520,79520,75650,73980,73510,75990,
LVA,"GNI per capita, Atlas method (current US$)",NY.GNP.PCAP.CD,,,,,,,,,,,,,,,,,,,,,,,,,,,,,,,,,,,,,,,,3000,3310,3590,3930,4680,5850,7360,8850,11050,13240,13860,12600,13140,13790,14930,15280,
MAC,"GNI per capita, Atlas method (current US$)",NY.GNP.PCAP.CD,,,,,,,,,,,,,,,,,,,,,,,,,4540,4420,5010,6150,7120,7690,8530,9550,11960,13700,15490,16870,17070,16990,15470,14500,14640,13870,15500,17600,22110,24080,26610,34860,34420,36750,46410,55400,61920,71130,76270,
MAF,"GNI per capita, Atlas method (current US$)",NY.GNP.PCAP.CD,,,,,,,,,,,,,,,,,,,,,,,,,,,,,,,,,,,,,,,,,,,,,,,,,,,,,,,,
MAR,"GNI per capita, Atlas method (current US$)",NY.GNP.PCAP.CD,,,180,190,200,,,,220,240,250,270,290,350,440,530,570,600,640,780,950,920,900,750,690,640,730,810,1020,1050,1100,1180,1200,1160,1270,1230,1430,1380,1380,1330,1310,1320,1300,1470,1740,1960,2130,2280,2620,2870,2910,2980,2960,3080,3070,
MCO,"GNI per capita, Atlas method (current US$)",NY.GNP.PCAP.CD,,,,,,,,,,,,,15850,20160,24700,28350,29870,32490,36450,44230,52790,52490,47400,40860,38120,37590,43370,55330,71190,75270,79560,82520,91310,89570,92240,97020,101110,99660,95040,92450,90840,86410,84050,94140,113040,128380,137470,161310,186710,,,,,,,
MDA,"GNI per capita, Atlas method (current US$)",NY.GNP.PCAP.CD,,,,,,,,,,,,,,,,,,,,,,,,,,,,,,,,,630,640,460,470,480,500,460,400,370,400,460,570,730,890,1030,1160,1500,1570,1820,1990,2140,2470,2560,
MDG,"GNI per capita, Atlas method (current US$)",NY.GNP.PCAP.CD,,,130,130,140,140,150,160,170,170,180,180,190,210,260,310,300,310,310,390,460,430,390,360,320,300,300,280,260,230,240,220,230,240,240,230,240,250,250,240,250,260,230,280,290,290,280,330,400,410,420,420,430,440,440,
MDV,"GNI per capita, Atlas method (current US$)",NY.GNP.PCAP.CD,,,,,,,,,,,,,,,,,,,,,,,,,,,,,,,,,,,,,,,,,,,,3400,3940,3560,4220,4140,4870,5000,5360,5850,5930,5980,6410,
MEA,"GNI per capita, Atlas method (current US$)",NY.GNP.PCAP.CD,,,,,,,,,,,,,,,,,,,,,,,,,,,,,,,,,,,2329.0112201652,2407.9906669884,2617.3600429915,2749.3232331536,2738.2088192232,2700.9065423945,2829.6169487582,2916.976116451,2916.6297725809,3135.6802661905,3565.7427886739,4085.5855954217,4726.7510866281,5444.6380914047,6328.7608335513,6537.9109339999,6911.6802853822,7292.1284132873,8218.1977925348,8697.7552106809,,
MEX,"GNI per capita, Atlas method (current US$)",NY.GNP.PCAP.CD,,,360,390,440,470,510,550,610,630,680,720,810,970,1190,1430,1500,1440,1550,1850,2460,3090,2760,2220,2040,2130,1940,1910,2000,2300,2750,3200,3700,4460,5200,4570,4320,4310,4610,5080,5750,6240,6580,6860,7390,7720,8280,8840,9350,8460,8650,8870,9560,9720,9870,
MHL,"GNI per capita, Atlas method (current US$)",NY.GNP.PCAP.CD,,,,,,,,,,,,,,,,,,,,,,,,,,,,,,,,,,,,3040,2640,2520,2530,2620,2850,2970,2970,3090,3320,3570,3620,3760,3750,3690,3720,3880,3940,4250,4390,
MIC,"GNI per capita, Atlas method (current US$)",NY.GNP.PCAP.CD,,,109.556130447,118.1981332017,130.3375513825,140.898315151,146.0739150141,147.6750529106,152.346340887,166.3367868567,180.836775917,190.2489552048,206.7066112207,247.1722492973,304.1957265629,361.8884454972,384.6306363843,402.965566504,436.8465864659,499.8314882399,573.9818230206,615.4250057698,601.7501635023,558.6108162487,551.4978756832,566.0134845005,594.4121433916,639.8243232442,677.019181287,695.906197312,725.2070328667,761.220890159,798.2868764507,828.4759529023,872.3215069792,946.6918925495,1048.9653671628,1117.0213421432,1092.464639125,1085.8169509521,1127.9761088356,1136.9677945752,1172.94374112,1283.3505335578,1489.8609704719,1718.4774318507,1971.6628356169,2314.6676343008,2706.8708384321,2949.1547878822,3325.4469819309,3699.5173281145,4175.8304947101,4495.4599979265,4666.262724389,
MKD,"GNI per capita, Atlas method (current US$)",NY.GNP.PCAP.CD,,,,,,,,,,,,,,,,,,,,,,,,,,,,,,,,,1670,1400,1350,1720,2110,2140,1940,1830,1860,1810,1840,2110,2590,3010,3340,3610,4350,4630,4720,4820,4760,4980,5150,
MLI,"GNI per capita, Atlas method (current US$)",NY.GNP.PCAP.CD,,,,,,,,,,60,60,70,80,90,100,120,140,160,170,220,250,240,200,170,160,180,200,240,290,290,290,320,330,320,280,270,270,280,280,270,250,250,250,300,340,410,440,470,530,570,600,610,600,620,650,
MLT,"GNI per capita, Atlas method (current US$)",NY.GNP.PCAP.CD,,,,,,,,,,,,,1090,1260,1560,1990,2120,2320,2660,3300,4280,4670,4550,3940,3830,3690,4000,4930,6260,6910,7600,8080,8870,8720,8760,9290,9910,10270,9940,10380,10510,10160,10310,11300,12940,14390,15300,16590,19230,18810,20090,20100,20000,21000,,
MMR,"GNI per capita, Atlas method (current US$)",NY.GNP.PCAP.CD,,,,,,,,,,,,,,,,,,,,,,,,,,,,,,,,,,,,,,,,,,,,,,,,,,,,,,,1270,
MNA,"GNI per capita, Atlas method (current US$)",NY.GNP.PCAP.CD,,,,,,,,,,,,,,,,,,,,,,,,,,,,,,,,,,,,1203.3348554701,1338.6645792595,1426.2565427203,1462.5798171504,1470.7606984109,1515.627378223,1552.8468774794,1558.2854288067,1664.0642662901,1832.8228935096,2077.8823081979,2412.3461766373,2826.9710888526,3335.0336826159,3654.1556301719,3954.9198502551,4070.3381296064,4533.654643925,4722.4169365117,,
MNE,"GNI per capita, Atlas method (current US$)",NY.GNP.PCAP.CD,,,,,,,,,,,,,,,,,,,,,,,,,,,,,,,,,,,,,,,,,,,1960,2440,3100,3660,4310,5230,6500,6710,6890,7240,7000,7330,7320,
MNG,"GNI per capita, Atlas method (current US$)",NY.GNP.PCAP.CD,,,,,,,,,,,,,,,,,,,,,,,,1440,1320,1230,1350,1520,1690,1590,1430,1200,810,510,430,460,550,580,520,480,470,480,530,610,760,900,1120,1410,1800,1790,2000,2600,3670,4360,4280,
MNP,"GNI per capita, Atlas method (current US$)",NY.GNP.PCAP.CD,,,,,,,,,,,,,,,,,,,,,,,,,,,,,,,,,,,,,,,,,,,,,,,,,,,,,,,,
MOZ,"GNI per capita, Atlas method (current US$)",NY.GNP.PCAP.CD,,,,,,,,,,,,,,,,,,,,,,,290,230,230,260,320,290,230,190,180,200,180,180,160,160,200,230,260,280,280,270,240,270,310,350,370,400,440,480,460,480,520,590,600,
MRT,"GNI per capita, Atlas method (current US$)",NY.GNP.PCAP.CD,,,,,,,,,190,180,190,190,190,230,320,340,350,370,380,430,480,480,440,420,400,380,400,440,490,510,490,540,610,640,570,590,650,580,550,560,510,470,500,510,590,690,830,950,1060,1050,1140,1200,1290,1330,1270,
MUS,"GNI per capita, Atlas method (current US$)",NY.GNP.PCAP.CD,,,,,,,,,,,,,,,,,,,1020,1230,1250,1280,1190,1070,1030,1060,1250,1630,2070,2230,2440,2620,2990,3120,3230,3470,3780,3900,3780,3640,3870,3900,3890,4260,5040,5420,5660,6190,7050,7420,7970,8320,9010,9580,9630,
MWI,"GNI per capita, Atlas method (current US$)",NY.GNP.PCAP.CD,,,50,50,50,60,60,60,60,60,60,70,80,100,120,130,130,130,160,180,190,190,180,170,170,160,150,150,160,160,180,210,200,220,160,160,170,200,200,180,160,140,160,190,230,220,230,260,290,330,350,370,320,280,250,
MYS,"GNI per capita, Atlas method (current US$)",NY.GNP.PCAP.CD,,,240,250,270,300,320,330,340,340,360,380,430,570,740,850,910,970,1120,1440,1790,1920,1850,1790,1940,1900,1840,1940,2120,2240,2370,2530,2850,3200,3560,4000,4450,4570,3600,3350,3420,3520,3760,4130,4710,5250,5830,6620,7520,7620,8280,9080,10200,10850,11120,
NAC,"GNI per capita, Atlas method (current US$)",NY.GNP.PCAP.CD,,,3197.0359908833,3319.410767736,3504.5494725155,3766.512408598,4075.5230465351,4249.7435207923,4615.2599525977,4941.3245572019,5225.0896068328,5572.7695234694,6174.959155241,7188.2196601004,7926.3958937836,8477.3822550479,8955.3020293884,9558.7744779898,10681.7759464321,12063.5139549274,13230.7583402979,14192.9205888011,13999.7202551216,14347.9265088922,15919.4074528405,17140.5283634023,18695.4490899695,20938.8930720829,23074.0569591979,23444.7570357016,23785.8009697003,24007.2816512972,25320.3987019874,25939.2051853597,27053.1197563304,28310.5808647258,29422.4951100196,30380.545776759,31033.7011291929,32550.9021356871,34749.7240710631,35475.1235070824,36084.0267478038,38505.6269197789,42269.0418698382,45128.0110142141,47058.5660482598,47919.5273542444,48883.9482623733,47566.9279097734,48514.8206603712,50126.7430807175,52388.8463396435,53608.9339325803,54849.814263849,
NAM,"GNI per capita, Atlas method (current US$)",NY.GNP.PCAP.CD,,,,,,,,,,,,,,,,,,,,,,,2080,1920,1750,1380,1390,1650,1730,1890,2020,2170,2310,2220,2260,2420,2450,2420,2270,2130,2110,1970,1900,2170,2760,3390,3880,4140,4200,4120,4360,4970,5450,5740,5630,
NCL,"GNI per capita, Atlas method (current US$)",NY.GNP.PCAP.CD,,,,,,,,1830,2160,2520,3220,3420,3780,3990,5270,6400,6440,6580,6980,6900,7980,7940,7160,5920,5480,5510,6170,8070,13270,14530,14760,15200,16070,16340,16780,18220,18240,17810,15730,14810,14020,,,,,,,,,,,,,,,
NER,"GNI per capita, Atlas method (current US$)",NY.GNP.PCAP.CD,,,150,160,160,170,170,170,160,150,150,160,150,160,210,230,220,230,280,350,410,400,360,290,220,220,250,280,330,330,300,290,280,230,200,190,190,190,200,180,170,170,170,190,220,250,260,280,320,330,360,360,390,400,410,
NGA,"GNI per capita, Atlas method (current US$)",NY.GNP.PCAP.CD,,,100,110,110,110,110,100,100,120,170,180,200,220,340,400,510,560,550,640,760,760,730,550,420,370,280,240,280,270,290,270,270,190,170,170,230,280,270,,270,310,350,410,610,660,840,970,1160,1160,1460,1720,2470,2700,2970,
NIC,"GNI per capita, Atlas method (current US$)",NY.GNP.PCAP.CD,,,140,150,170,200,230,290,290,310,310,320,330,380,510,570,600,680,650,500,600,660,680,690,710,690,760,860,680,370,310,220,240,300,450,620,880,890,890,930,970,980,970,1010,1100,1180,1210,1300,1410,1410,1480,1600,1700,1790,1870,
NLD,"GNI per capita, Atlas method (current US$)",NY.GNP.PCAP.CD,,,1220,1310,1460,1700,1840,2000,2230,2480,2800,3180,3800,5010,6290,7540,8240,8980,10330,12600,14640,13830,12190,10930,10590,10200,11540,14530,18340,19290,20060,21010,23230,23730,25050,27340,29400,29490,27930,28370,28560,27180,26800,30700,37300,42390,46080,49390,52460,53520,53530,54120,52500,52470,51890,
NOC,"GNI per capita, Atlas method (current US$)",NY.GNP.PCAP.CD,,,,,,,,,,,,,,,,,,,,,,,,,,,,,,,,5081.7824727801,5515.3952222489,5708.1103878133,5809.0608152724,5979.0049466536,6213.966210143,6501.4024761888,6049.120146878,5824.3427980579,6016.0156153675,6037.452117492,5780.9374026659,6208.3284559301,7280.0251771181,8612.772065627,10158.5339759257,11942.7600593061,13876.5789898919,13689.4280421132,14717.24348856,15848.7931282113,17794.1790518379,19096.476408806,18938.6986202443,
NOR,"GNI per capita, Atlas method (current US$)",NY.GNP.PCAP.CD,,,1610,1710,1860,2050,2240,2470,2630,2850,3120,3580,4230,5320,6750,8380,9150,9960,11110,13110,15650,16420,15750,14940,15150,15710,17550,20830,23970,25080,26510,27830,30790,30220,30860,32700,35800,37920,36110,35550,36560,38250,39900,44760,54110,63790,69980,78400,87350,87840,88430,90270,99100,104010,103630,
NPL,"GNI per capita, Atlas method (current US$)",NY.GNP.PCAP.CD,,,50,50,50,50,70,80,80,70,70,70,80,90,100,110,120,120,120,130,140,160,160,150,160,160,170,180,210,210,210,210,200,190,200,210,210,220,210,220,230,240,240,260,290,310,340,380,440,490,540,610,690,730,730,
NZL,"GNI per capita, Atlas method (current US$)",NY.GNP.PCAP.CD,,,,,,,,,,,,,,,,,,,,6530,7670,8240,7860,7370,7010,6950,7860,10010,12550,13570,13640,12160,12050,12360,13400,15270,16720,17160,15760,15040,14070,13800,14200,17000,21510,25490,26420,28110,28380,29410,29390,31890,,,,
OEC,"GNI per capita, Atlas method (current US$)",NY.GNP.PCAP.CD,,,1589.114469418,1680.8947937664,1805.938172927,1958.4388765153,2136.4111841641,2272.1225722882,2491.5568736809,2707.5650943523,2902.0559806564,3160.0783383643,3613.8668680838,4418.1289150075,5151.2842223265,5748.5595470023,6077.0011361781,6516.0397009469,7437.6101823493,8894.2958154246,10242.7373851822,10632.6451532988,10138.2430256813,9755.2368376993,10150.0719303247,10664.4369869358,12016.6043215825,14429.7832230667,17607.0430759854,18576.3240743618,19438.2585415868,20176.9850460918,21863.7530827685,22363.3137395814,23463.7204311284,25078.8591826424,26214.3495923586,26314.4981744721,25322.8312121584,25644.6960101939,26682.5768514985,26676.2708766781,26530.4224740906,28614.1906487651,32680.3736942909,35995.6658982199,37748.3379644707,39156.1119261567,40801.2806176779,40119.9697164844,41101.8727587236,42346.5396615714,43659.3371750486,44314.3863670326,44272.3153122538,
OED,"GNI per capita, Atlas method (current US$)",NY.GNP.PCAP.CD,,,1482.3933255043,1566.737745949,1682.5708322868,1822.5702867893,1985.3164111037,2109.3338622647,2310.8561320305,2506.4781245437,2680.6785854879,2910.6076309501,3320.162480253,4049.8988751117,4722.8527986696,5276.3212657571,5574.4972384374,5957.0421739921,6779.3596304317,8094.8582635993,9321.6430574115,9698.8302845803,9211.2248493448,8812.5453940366,9128.5743308946,9571.4278973378,10732.4374461989,12836.0439304224,15599.5390603387,16447.6945197687,17230.8035376723,17900.8278182915,19400.3050402513,19882.9849560861,20847.3727110887,22169.97816939,23102.5575388341,23171.8751274495,22329.6524463694,22627.2548310819,23587.8107662969,23565.2749562641,23451.5485946929,25255.6173725829,28820.4854284936,31731.2519495018,33302.9794139097,34579.0193217073,36040.1983456287,35330.7105337584,36187.2035185613,37254.7551217625,38404.0370809369,38945.6765071676,38882.7687968571,
OMN,"GNI per capita, Atlas method (current US$)",NY.GNP.PCAP.CD,,,,,,,,160,230,280,320,330,360,310,700,1510,2770,2720,2650,3070,3960,5480,6210,6160,6320,6560,5930,5390,5200,5660,5710,6040,6520,6300,6180,6310,6520,6880,6570,6460,7160,8000,8000,8260,9370,10640,11640,13470,16380,16170,17120,15160,16640,16870,,
OSS,"GNI per capita, Atlas method (current US$)",NY.GNP.PCAP.CD,,,,,,,,,,,,,,,,,,,,,,,1162.1815915937,1045.2225338655,1002.9430665317,911.2444123237,942.9635393517,1027.0979212197,1249.6967898439,1374.2332377026,1492.4854703173,1610.2998053381,1730.3495836979,1703.7234363868,1654.283321827,1734.1166020663,1789.3222800126,1856.3287740313,1747.0560966703,1663.9196120567,1666.4051164948,1695.4538705159,1644.9151069059,1806.9878003291,2145.1148785303,2643.500208645,3047.7388614558,3433.5357244765,3768.6129343805,3589.6203864444,3723.1711868139,4154.7957868802,4534.8705246158,4659.5594009685,4466.1473052997,
PAK,"GNI per capita, Atlas method (current US$)",NY.GNP.PCAP.CD,,,90,100,100,120,130,140,150,160,180,180,180,160,150,160,190,220,260,300,350,390,400,390,380,380,370,400,430,420,420,420,440,450,450,490,500,490,470,470,490,500,520,560,640,740,820,910,1020,1060,1080,1150,1260,1360,1400,
PAN,"GNI per capita, Atlas method (current US$)",NY.GNP.PCAP.CD,,,460,490,510,540,580,620,660,710,710,770,820,940,1050,1180,1160,1170,1360,1530,1590,1850,2130,2080,2080,2310,2350,2690,2260,2090,2160,2240,2460,2650,2800,2830,3030,3230,3460,3530,3640,3600,3720,3830,4200,4530,5580,6300,7170,7690,8170,8240,9170,10860,11130,
PER,"GNI per capita, Atlas method (current US$)",NY.GNP.PCAP.CD,,,290,300,340,380,460,490,480,480,520,570,630,740,930,1090,1080,940,870,900,1060,1200,1160,960,930,870,880,990,850,830,880,1180,1390,1520,1730,1920,2110,2250,2130,2020,1970,1900,1960,2090,2300,2540,2790,3180,3760,3920,4380,4870,5650,6230,6360,
PHL,"GNI per capita, Atlas method (current US$)",NY.GNP.PCAP.CD,,,220,190,170,180,200,210,220,240,220,220,220,260,320,380,420,450,500,590,700,750,740,670,570,520,540,600,660,700,720,720,770,820,920,1020,1160,1230,1200,1180,1220,1220,1180,1260,1400,1520,1650,1900,2240,2490,2750,2640,3000,3340,3500,
PLW,"GNI per capita, Atlas method (current US$)",NY.GNP.PCAP.CD,,,,,,,,,,,,,,,,,,,,,,,,,,,,,,,,,,4810,4980,5770,6350,6370,6110,6030,5770,6850,8030,7980,8810,9410,9370,9510,9270,8670,8900,9530,9920,10000,11110,
PNG,"GNI per capita, Atlas method (current US$)",NY.GNP.PCAP.CD,,,130,130,140,160,170,190,200,230,260,270,310,390,490,550,520,530,630,710,790,790,720,680,670,670,710,760,880,890,820,870,920,1080,1130,1040,1020,930,780,690,620,550,510,500,570,700,730,930,1100,1180,1270,1520,1820,2040,2240,
POL,"GNI per capita, Atlas method (current US$)",NY.GNP.PCAP.CD,,,,,,,,,,,,,,,,,,,,,,,,,,,,,,,,,2070,2450,2780,3220,3810,4240,4380,4450,4690,4750,4930,5550,6260,7330,8440,9970,11930,12400,12710,12940,13290,13490,13690,
PRI,"GNI per capita, Atlas method (current US$)",NY.GNP.PCAP.CD,,,820,900,960,1060,1160,1240,1370,1560,1750,1910,2100,2380,2590,2660,2650,2740,2980,3390,3720,3890,3770,3670,3970,4280,4740,5320,5830,5980,6150,6360,6700,7050,7340,7800,8150,8430,8710,9420,10310,11350,11600,12530,13820,14750,15210,15660,16240,16540,16640,17320,18420,19310,,
PRK,"GNI per capita, Atlas method (current US$)",NY.GNP.PCAP.CD,,,,,,,,,,,,,,,,,,,,,,,,,,,,,,,,,,,,,,,,,,,,,,,,,,,,,,,,
PRT,"GNI per capita, Atlas method (current US$)",NY.GNP.PCAP.CD,,,410,430,470,520,570,640,730,790,950,1070,1270,1700,2070,2210,2330,2430,2530,2870,3360,3430,3230,2830,2520,2530,3080,4160,5640,6320,7140,8190,9870,10100,10450,11220,12080,12350,12170,12240,12140,11800,11730,13230,16120,18550,19330,20770,22440,22840,22960,22660,21150,21340,21360,
PRY,"GNI per capita, Atlas method (current US$)",NY.GNP.PCAP.CD,,,,,,,,,,,,,,,,,,,,,,,,,,,,,,,,,,,,1680,1850,1850,1720,1560,1360,1290,1190,1050,1130,1230,1470,1820,2360,2450,2930,3250,3430,4190,4400,
PSS,"GNI per capita, Atlas method (current US$)",NY.GNP.PCAP.CD,,,,,,,,,,,,,,,,,,,,,,,,1257.9830164929,1306.1366381473,1261.6554768928,1396.4337304746,1369.2840317431,1410.0987567852,1418.5447056999,1437.4772461633,1424.447764346,1566.425558387,1632.5350674771,1734.3855179147,1896.9041913234,1992.4871274686,2079.6671672046,1939.2640895037,1935.0577053622,1848.065833993,1795.3120971941,1773.6289604168,1902.3198198579,2250.1837053168,2555.8280201609,2624.2698602138,2752.5908993739,2904.4765373174,2815.824692845,2789.5772294799,2899.4984247916,3236.1447019243,3618.6714621622,3713.679503368,
PYF,"GNI per capita, Atlas method (current US$)",NY.GNP.PCAP.CD,,,,,,,,2090,2520,2430,2400,2640,2660,3330,4600,5120,5620,5940,6820,8060,9240,9710,9240,8280,8120,8420,10350,13120,15480,15050,15390,16160,17430,17590,17690,18150,18020,17490,16890,16400,15990,,,,,,,,,,,,,,,
QAT,"GNI per capita, Atlas method (current US$)",NY.GNP.PCAP.CD,,,,,,,,,,,,,,,,,,,,,,,,,,,,,,,,,,,,,,,,,,,,,37210,39560,52570,59970,67830,63710,66890,71850,80340,89210,92200,
ROU,"GNI per capita, Atlas method (current US$)",NY.GNP.PCAP.CD,,,,,,,,,,,,,,,,,,,,,,,,,,,,,,,,,1240,1190,1270,1470,1590,1540,1550,1610,1720,1780,1960,2330,3010,3930,4960,6520,8630,8810,8590,8610,8750,9270,9520,
RUS,"GNI per capita, Atlas method (current US$)",NY.GNP.PCAP.CD,,,,,,,,,,,,,,,,,,,,,,,,,,,,,,,,3440,3080,2920,2650,2640,2610,2650,2130,1750,1710,1780,2100,2580,3410,4450,5800,7560,9590,9230,9980,10820,12730,13810,13220,
RWA,"GNI per capita, Atlas method (current US$)",NY.GNP.PCAP.CD,,,40,40,40,40,40,50,50,50,60,60,60,70,80,100,130,160,180,230,270,280,270,260,250,260,300,320,350,350,350,320,340,310,150,210,220,260,260,260,240,220,220,210,230,270,310,360,440,500,550,590,640,670,700,
SAS,"GNI per capita, Atlas method (current US$)",NY.GNP.PCAP.CD,,,87.9951334355,95.3747165678,106.1325527586,111.0211281363,107.0765152771,108.2583016236,105.5327779166,113.160667387,119.8123934862,123.7580147235,127.6278304771,144.3216937339,167.1383221715,190.3752641933,184.6417188883,188.3246792787,208.1918675012,227.4042763425,272.6183514183,300.0014839605,293.9766490055,288.9180049064,286.5604438969,295.9674119433,314.2416458306,351.1536579336,389.1427152021,386.2650845158,383.1047091508,354.4998158295,355.8352154383,341.331185612,355.3595732854,381.5528626646,413.3304779747,421.5831397844,422.9992039573,443.4067046094,451.0827488452,458.9269842747,465.4946900262,519.7940725134,605.8980993731,701.066185003,779.1615198718,898.6421320385,979.8953778489,1086.4571676019,1190.3153474088,1318.5247637973,1413.3847989265,1454.7447980134,1496.3814226688,
SAU,"GNI per capita, Atlas method (current US$)",NY.GNP.PCAP.CD,,,,,,,,,,,700,990,1370,1760,3520,5160,7830,8480,9080,11520,14330,16940,15370,12700,10660,9160,8550,7520,7410,6950,7230,8010,8520,8110,7690,7710,8020,8250,7870,7570,7860,8130,8150,8870,10530,12460,14160,15830,18380,17940,18470,20450,23690,25140,,
SDN,"GNI per capita, Atlas method (current US$)",NY.GNP.PCAP.CD,,,120,120,120,120,120,120,130,130,150,160,160,190,250,320,370,410,420,460,480,490,470,430,390,400,550,800,790,720,530,440,340,300,310,390,380,370,320,320,320,330,360,400,470,560,710,880,1080,1130,1200,1410,1650,1670,1710,
SEN,"GNI per capita, Atlas method (current US$)",NY.GNP.PCAP.CD,,,,,,,,,270,250,260,250,270,300,360,440,480,470,460,570,630,640,590,470,430,430,500,640,730,730,710,710,750,710,590,560,540,540,530,530,510,490,470,550,670,770,800,870,980,1030,1040,1030,1040,1040,1050,
SGP,"GNI per capita, Atlas method (current US$)",NY.GNP.PCAP.CD,,,490,530,500,540,590,660,750,850,960,1090,1280,1610,2090,2670,2940,3030,3390,4000,4720,5370,5680,6160,6920,7090,7320,8070,9300,10300,11450,12980,15320,17760,20780,23610,25640,27750,24010,23410,23670,21990,21760,23110,25650,28370,32080,35660,36680,37080,44790,48330,51390,54580,55150,
SLB,"GNI per capita, Atlas method (current US$)",NY.GNP.PCAP.CD,,,,,,,,,,,,,,,,,,,,,,,,,,,,,,,,,800,750,830,900,890,1440,1320,1220,1010,930,840,840,860,900,970,960,980,820,910,1120,1520,1830,1830,
SLE,"GNI per capita, Atlas method (current US$)",NY.GNP.PCAP.CD,,,,,160,170,170,160,150,160,170,180,180,210,250,270,240,230,260,340,400,400,390,330,320,260,190,190,190,230,200,190,150,180,180,200,230,220,190,170,160,170,230,300,310,320,340,400,470,490,470,500,520,680,700,
SLV,"GNI per capita, Atlas method (current US$)",NY.GNP.PCAP.CD,,,,,,,,300,300,300,310,320,350,390,440,480,530,610,710,780,760,730,690,680,700,720,760,820,870,860,900,950,1080,1220,1370,1590,1730,1860,1950,2040,2160,2230,2310,2470,2660,2870,3040,3250,3460,3390,3450,3600,3730,3850,3920,
SMR,"GNI per capita, Atlas method (current US$)",NY.GNP.PCAP.CD,,,,,,,,,,,,,,,,,,,,,,,,,,,,,,,,,,,,,,,,,,26370,26090,30370,36960,41830,44440,47670,52140,,,,,,,
SOM,"GNI per capita, Atlas method (current US$)",NY.GNP.PCAP.CD,,,,,,,,,,,,,,,,,,,,,,,,,,,,,,,,,,,,,,,,,,,,,,,,,,,,,,,,
SRB,"GNI per capita, Atlas method (current US$)",NY.GNP.PCAP.CD,,,,,,,,,,,,,,,,,,,,,,,,,,,,,,,,,,,,,,2850,2800,2390,1530,1450,1430,2260,3070,3630,3970,4580,5650,6040,5850,5910,5700,6050,5820,
SSA,"GNI per capita, Atlas method (current US$)",NY.GNP.PCAP.CD,,,136.398401912,146.7100099924,149.3006612551,157.6348473184,161.6233079397,164.6864048346,170.7787512487,185.3566930542,207.5711873462,222.3944010418,236.6140181416,275.9416035038,358.8804078223,414.7021791679,440.3177675684,454.4632705788,483.344085272,568.0195411203,671.6438399194,715.7217299074,680.2204462761,582.1507361886,534.4814387066,493.9452325188,495.7151770071,546.8896243881,620.616787689,625.5768987058,597.8507074143,585.5850055197,565.0322529543,543.268313338,521.9431837653,539.0393566725,558.7570328263,572.3764000226,534.8181065824,516.2128215256,502.2813762252,489.6516703203,485.6228946064,528.2889245769,657.1524853722,791.0380676731,898.5100082278,986.3489016027,1088.7306664231,1113.7561784501,1218.3102441261,1336.4755267459,1542.5944396966,1606.329617106,1638.1760783187,
SSD,"GNI per capita, Atlas method (current US$)",NY.GNP.PCAP.CD,,,,,,,,,,,,,,,,,,,,,,,,,,,,,,,,,,,,,,,,,,,,,,,,,,,1060,910,820,970,970,
SSF,"GNI per capita, Atlas method (current US$)",NY.GNP.PCAP.CD,,,136.2611164021,146.5645065795,149.1565460167,157.4792100736,161.470762953,164.5265572961,170.610521532,185.1669197393,207.3597458977,222.1851200447,236.4146949335,275.7384591294,358.6291900773,414.429188449,440.0461232313,454.1870890507,483.1110261418,567.8256326651,671.4168439237,715.4730048391,679.9765837913,581.972849002,534.347787046,493.9001398783,495.7090535165,546.9420862559,620.7205510682,625.7319728976,598.1201706821,585.8842249612,565.5364863928,543.8338886467,522.4673450083,539.5077591612,559.3224452034,573.4467382858,535.7763609918,517.3102962828,503.3434931939,490.8409738184,487.1170870128,529.7203279027,659.1616836621,795.3171416735,906.8212039909,996.9192969359,1099.9696123767,1121.0197950024,1224.7533691823,1344.4122603473,1552.7822646708,1616.0943766794,1646.507118697,
SST,"GNI per capita, Atlas method (current US$)",NY.GNP.PCAP.CD,,,,,,,,,,,,,,,,,,,1180.8965388432,1315.6853487514,1479.5885989725,1668.6019802807,1696.2526882694,1562.9988708224,1511.2608334243,1443.8465569817,1449.1170724459,1518.5896505748,1710.1890554947,1800.2885542074,1879.5349267582,1948.5346774512,2035.3517023246,2024.8564029011,2016.9332952591,2139.4242796212,2259.1625914502,2328.9198738255,2304.078711027,2347.9082875544,2437.8263436527,2485.4860361472,2506.5432171781,2735.2314191453,3128.0326225413,3632.4121614577,4082.696231053,4506.3559127051,4931.9506906307,4710.2236254032,4785.6044183701,5038.3104409541,5434.7266942266,5644.4885155412,5656.6912586358,
STP,"GNI per capita, Atlas method (current US$)",NY.GNP.PCAP.CD,,,,,,,,,,,,,,,,,,,,,,,,,,,,,,,,,,,,,,,,,,,,590,670,780,900,950,1040,1130,1190,1260,1360,1540,1670,
SUR,"GNI per capita, Atlas method (current US$)",NY.GNP.PCAP.CD,,,,,,,,,,,,,,,,,,1560,1920,2080,2280,2530,2480,2330,2290,2280,2340,2320,2890,2270,1430,1120,1010,,1080,1320,1640,1850,1940,1760,1870,1590,1820,2120,2840,3380,4110,5120,6430,7100,7900,8430,9070,9650,9950,
SVK,"GNI per capita, Atlas method (current US$)",NY.GNP.PCAP.CD,,,,,,,,,,,,,,,,,,,,,,,,,,,,,,,,,,,,4200,5000,5400,5410,5360,5520,5710,6000,6930,9000,11280,12850,14830,17160,17000,17180,17210,17450,17910,17750,
SVN,"GNI per capita, Atlas method (current US$)",NY.GNP.PCAP.CD,,,,,,,,,,,,,,,,,,,,,,,,,,,,,,,,,,,,,,11300,11050,11370,11350,11000,10990,12700,15700,18440,19950,21920,24710,24400,24560,24590,23300,23190,23580,
SWE,"GNI per capita, Atlas method (current US$)",NY.GNP.PCAP.CD,,,2310,2490,2740,2960,3190,3460,3770,4100,4500,4890,5670,7050,8580,10160,10720,11290,12460,14790,17300,17530,15760,13550,13020,13080,15330,19360,24190,26090,27760,29110,31340,28200,27690,28070,30390,31380,31120,30910,31220,29390,28740,32410,39390,45350,48650,52190,55600,51900,53900,56090,58680,61340,61610,
SWZ,"GNI per capita, Atlas method (current US$)",NY.GNP.PCAP.CD,,,,,,,,,,,,,290,360,450,,,,,,,,,,,,,,,,1230,1290,1500,1520,1510,1750,1850,1870,1650,1640,1520,1480,1260,1340,1710,2390,2560,2720,2770,2670,2600,3010,3460,3680,3550,
SXM,"GNI per capita, Atlas method (current US$)",NY.GNP.PCAP.CD,,,,,,,,,,,,,,,,,,,,,,,,,,,,,,,,,,,,,,,,,,,,,,,,,,,,,,,,
SYC,"GNI per capita, Atlas method (current US$)",NY.GNP.PCAP.CD,,,290,310,330,320,360,350,350,330,350,410,480,620,770,870,910,870,1160,1730,2080,2260,2240,2120,2150,2410,2650,3210,3970,4530,5000,5180,5930,6350,6560,6460,6740,7330,7320,7290,7290,7310,6850,7490,9280,11140,12580,12270,11130,10220,10190,11060,12200,13540,14100,
SYR,"GNI per capita, Atlas method (current US$)",NY.GNP.PCAP.CD,,,250,230,250,270,250,280,300,370,360,400,500,500,710,960,1080,1050,1170,1280,1560,1750,1740,1700,1640,1690,1480,1270,1190,890,910,990,1110,1070,970,900,860,860,920,890,970,1110,1210,1240,1390,1530,1650,1860,,,,,,,,
TCA,"GNI per capita, Atlas method (current US$)",NY.GNP.PCAP.CD,,,,,,,,,,,,,,,,,,,,,,,,,,,,,,,,,,,,,,,,,,,,,,,,,,,,,,,,
TCD,"GNI per capita, Atlas method (current US$)",NY.GNP.PCAP.CD,,,110,110,110,120,120,130,130,140,140,140,150,160,190,230,220,230,240,220,240,230,210,190,180,210,210,210,270,270,270,290,330,240,220,210,200,210,220,200,180,190,190,210,340,470,530,630,700,830,910,890,960,980,980,
TGO,"GNI per capita, Atlas method (current US$)",NY.GNP.PCAP.CD,,,90,90,100,110,120,120,130,140,130,130,140,170,220,260,270,290,330,350,420,390,320,250,230,230,250,310,390,400,400,400,410,330,300,300,310,350,330,320,300,270,250,290,330,360,380,400,400,440,450,460,490,520,570,
THA,"GNI per capita, Atlas method (current US$)",NY.GNP.PCAP.CD,,,110,120,130,140,160,170,180,190,210,210,220,260,330,380,420,450,530,610,710,760,760,760,790,790,830,950,1160,1320,1490,1660,1880,2140,2400,2750,2970,2690,2090,1990,1990,1970,1980,2170,2520,2770,3080,3520,3990,4160,4610,5000,5610,5840,5780,
TJK,"GNI per capita, Atlas method (current US$)",NY.GNP.PCAP.CD,,,,,,,,,,,,,,,,,,,,,,,,,,,,,,,,,340,290,230,200,170,170,180,180,170,160,170,210,270,320,370,440,570,660,730,790,890,1000,1080,
TKM,"GNI per capita, Atlas method (current US$)",NY.GNP.PCAP.CD,,,,,,,,,,,,,,,,,,,,,,,,,,,,,,,,,,800,690,610,610,550,560,620,600,650,750,990,1310,1600,1960,2330,3050,3570,4070,4660,5410,6880,8020,
TLS,"GNI per capita, Atlas method (current US$)",NY.GNP.PCAP.CD,,,,,,,,,,,,,,,,,,,,,,,,,,,,,,,,,,,,,,,,,,,810,700,740,910,1340,1860,3010,2370,2770,3630,3940,3680,2680,
TON,"GNI per capita, Atlas method (current US$)",NY.GNP.PCAP.CD,,,,,,,,,,,,,,,,,,,,,,,,690,690,720,770,860,1070,1160,1220,1350,1450,1530,1820,2010,2280,2260,2210,2140,2030,1920,1880,1950,2250,2500,2720,2810,3170,3300,3550,3830,4210,4300,4260,
TTO,"GNI per capita, Atlas method (current US$)",NY.GNP.PCAP.CD,,,640,680,730,760,760,770,790,810,830,870,1000,1200,1500,2170,2530,2810,3360,3940,4760,5810,6700,6130,5950,5890,5090,4480,3930,3630,3710,3980,4210,3840,3810,3890,4230,4500,4620,4880,5420,6080,6760,8020,9400,11210,13290,14990,17340,16190,15770,14160,15390,16920,20070,
TUN,"GNI per capita, Atlas method (current US$)",NY.GNP.PCAP.CD,,,,,,,,220,240,250,270,310,400,460,610,770,820,850,940,1130,1360,1420,1280,1180,1180,1160,1140,1270,1340,1310,1430,1480,1700,1700,1740,1820,2010,2160,2190,2300,2310,2280,2210,2480,2930,3190,3360,3560,3880,4110,4150,4000,4120,4200,4230,
TUR,"GNI per capita, Atlas method (current US$)",NY.GNP.PCAP.CD,,,,,,,,470,520,560,560,540,560,650,860,1120,1310,1410,1530,1820,1860,1860,1570,1400,1310,1310,1440,1740,1860,1920,2300,2580,2930,3140,2680,2850,2920,3190,3410,3530,4190,3470,3470,3800,5060,6510,7510,8500,9340,9130,9950,10490,10800,10970,10830,
TUV,"GNI per capita, Atlas method (current US$)",NY.GNP.PCAP.CD,,,,,,,,,,,,,,,,,,,,,,,,,,,,,,,,,,,,,,,,,,2710,3330,2530,3310,3740,3930,4710,4910,5130,4720,5080,5650,5840,5720,
TZA,"GNI per capita, Atlas method (current US$)",NY.GNP.PCAP.CD,,,,,,,,,,,,,,,,,,,,,,,,,,,,,,,200,180,180,170,160,170,190,210,250,280,300,300,310,330,360,410,450,510,580,640,700,740,780,850,920,
UGA,"GNI per capita, Atlas method (current US$)",NY.GNP.PCAP.CD,,,,,,,,,,,,,,,,,,,,,,,,,180,190,250,310,400,400,320,250,190,180,180,230,280,300,290,290,270,250,250,250,270,300,340,380,430,500,550,610,630,630,670,
UKR,"GNI per capita, Atlas method (current US$)",NY.GNP.PCAP.CD,,,,,,,,,,,,,,,,,,,,,,,,,,,,,,1620,1610,1520,1420,1230,1010,920,860,890,850,760,700,730,790,980,1270,1540,1950,2570,3220,2840,2990,3110,3500,3760,3560,
UMC,"GNI per capita, Atlas method (current US$)",NY.GNP.PCAP.CD,,,119.9317376017,130.8386509491,145.896001546,160.4114095748,171.1060582047,172.9597998633,181.0965342642,198.4413305173,216.7136026892,228.8307883376,252.8952843076,309.0225288313,381.9258023344,457.206488102,488.1145176865,509.7939140314,548.5405373048,636.1371903413,722.4647477073,771.9408649442,754.7990872445,697.249709605,700.018480246,728.6512584674,771.2732273696,827.0581412186,866.7259939788,906.2003381394,968.8721886803,1069.3808003729,1139.3842263809,1210.9304582356,1288.6720492149,1409.1968041542,1576.4775665999,1702.2691058709,1698.1863225833,1683.5274840295,1768.2566249461,1771.7665715017,1842.3598771281,2008.26821286,2334.9626687435,2715.100163012,3148.1949832195,3724.7873275245,4402.7250004071,4813.3872033044,5472.3425390939,6125.5882968364,6948.993533173,7558.3753534643,7901.3193752304,
URY,"GNI per capita, Atlas method (current US$)",NY.GNP.PCAP.CD,,,580,610,660,680,720,640,610,670,820,850,870,1060,1370,1620,1490,1420,1630,2150,2870,3650,3290,2190,1740,1510,1780,2210,2600,2730,2840,3180,3830,4350,5040,5530,6160,6970,7240,7260,7050,6500,5140,4240,4130,4720,5380,6370,7690,8770,10390,12010,13910,15640,16350,
USA,"GNI per capita, Atlas method (current US$)",NY.GNP.PCAP.CD,,,3280,3410,3610,3880,4190,4370,4740,5070,5360,5700,6290,7310,8000,8530,8980,9610,10790,12230,13410,14400,14230,14590,16230,17510,19160,21460,23580,23860,24150,24370,25780,26480,27750,29150,30380,31390,32150,33780,36070,36840,37470,39950,43680,46340,48080,48640,49330,48050,48950,50450,52530,53720,55200,
UZB,"GNI per capita, Atlas method (current US$)",NY.GNP.PCAP.CD,,,,,,,,,,,,,,,,,,,,,,,,,,,,,,,,,600,590,570,580,600,610,620,650,630,560,450,420,460,530,600,760,960,1130,1300,1510,1730,1940,2090,
VCT,"GNI per capita, Atlas method (current US$)",NY.GNP.PCAP.CD,,,180,160,170,180,180,170,190,190,210,220,300,310,340,370,390,460,560,710,830,960,1030,1090,1200,1340,1460,1660,1950,2030,2110,2230,2540,2680,2640,2890,3000,3070,3180,3300,3470,3650,3940,4380,4730,4950,5460,5590,6210,6270,6030,6070,6350,6540,6610,
VEN,"GNI per capita, Atlas method (current US$)",NY.GNP.PCAP.CD,,,1050,1080,1050,1000,930,950,1010,1030,1110,1140,1240,1500,1920,2390,2780,2960,3220,3680,4140,4640,4560,4300,3810,3450,3380,3150,3230,2430,2560,2580,2740,2720,2620,2910,2960,3350,3340,3530,4070,4540,3940,3450,4050,4920,6050,7520,9230,10150,11530,11790,12500,,,
VIR,"GNI per capita, Atlas method (current US$)",NY.GNP.PCAP.CD,,,,,,,,,,,,,4170,4510,4830,5210,4690,4930,5440,6620,8000,8620,7960,8300,8640,8930,9850,11550,12590,13660,,,,,,,,,,,,,,,,,,,,,,,,,,
VNM,"GNI per capita, Atlas method (current US$)",NY.GNP.PCAP.CD,,,,,,,,,,,,,,,,,,,,,,,,,,,,,,220,130,110,130,170,200,260,310,350,360,370,400,430,460,510,590,680,760,850,1000,1120,1270,1390,1560,1740,1890,
VUT,"GNI per capita, Atlas method (current US$)",NY.GNP.PCAP.CD,,,,,,,,,,,,,,,,,,,,,,850,800,810,860,960,980,860,990,1090,1200,1090,1120,1210,1170,1270,1280,1310,1420,1420,1430,1370,1230,1360,1590,1780,1990,2130,2530,2620,2690,2860,2950,3200,3160,
PSE,"GNI per capita, Atlas method (current US$)",NY.GNP.PCAP.CD,,,,,,,,,,,,,,,,,,,,,,,,,,,,,,,,,,,,,1520,1740,1940,1960,1580,1390,1300,1390,1480,1660,1570,1600,1660,2110,2310,2560,3070,3060,3060,
WLD,"GNI per capita, Atlas method (current US$)",NY.GNP.PCAP.CD,,,479.3625831136,505.3172752756,540.6887952463,581.420153663,623.4081222965,650.6347999573,698.647772497,753.420945078,802.2158394558,862.0329920193,968.4784251461,1170.3761793437,1372.1770815966,1539.9954788636,1620.741548898,1716.5881382787,1925.5468352623,2272.1590121425,2598.9016182382,2699.9395443031,2564.302800333,2429.0929429906,2474.2484858085,2555.3515729541,2816.5993544732,3284.1650538432,3880.4267690987,4034.4815712996,4187.4619242473,4331.2370505811,4641.2352973173,4724.4521060859,4913.6299397203,5213.8950327123,5452.668447533,5494.0000856409,5254.8643478613,5259.2036579725,5434.2670280301,5409.9014202128,5370.7844333496,5772.5524786539,6583.7522322081,7296.8262334431,7788.5389784045,8302.0266234643,8893.6422321827,8917.4594927682,9342.8156665362,9806.5577937624,10381.3581409173,10719.9602152642,10787.3520947217,
WSM,"GNI per capita, Atlas method (current US$)",NY.GNP.PCAP.CD,,,,,,,,,,,,,,,,,,,,,,,,,,,,,,,,,,,,,,1520,1550,1570,1600,1630,1630,1720,2100,2370,2560,2850,3050,3020,3230,3590,3860,3960,4060,
YEM,"GNI per capita, Atlas method (current US$)",NY.GNP.PCAP.CD,,,,,,,,,,,,,,,,,,,,,,,,,,,,,,,,,500,450,370,310,290,320,370,370,420,470,510,530,600,690,790,930,1100,1260,1250,1060,1180,1300,,
ZAF,"GNI per capita, Atlas method (current US$)",NY.GNP.PCAP.CD,,,430,460,500,540,570,620,660,720,780,850,900,1090,1380,1590,1550,1490,1610,1940,2510,2940,2890,2650,2660,2400,2360,2670,3290,3580,3390,3320,3320,3500,3680,3850,3870,3780,3370,3230,3140,2900,2710,2960,3770,5050,5690,5970,6030,5900,6240,7050,7640,7410,6800,
COD,"GNI per capita, Atlas method (current US$)",NY.GNP.PCAP.CD,,,230,270,230,230,220,220,220,230,250,270,290,360,430,460,430,460,510,610,650,570,490,420,350,270,260,250,260,250,240,200,210,200,160,140,130,120,120,100,130,140,190,160,190,200,220,250,270,290,300,310,350,370,380,
ZMB,"GNI per capita, Atlas method (current US$)",NY.GNP.PCAP.CD,,,190,190,210,260,270,320,360,400,440,430,430,450,570,570,540,490,490,510,610,700,610,500,420,340,250,260,330,400,430,390,360,370,350,370,400,400,350,350,330,340,350,400,460,550,710,880,1160,1260,1310,1400,1650,1700,1680,
ZWE,"GNI per capita, Atlas method (current US$)",NY.GNP.PCAP.CD,,,270,280,260,280,290,300,300,340,400,420,460,550,680,740,720,670,660,740,920,1080,1060,970,840,740,690,700,810,840,860,850,690,630,620,600,670,670,590,540,490,510,460,410,420,430,410,380,300,400,500,690,770,820,840,
